	d18O
1997-01-01	-9999
1997-01-02	-9999
1997-01-03	-9999
1997-01-04	-9999
1997-01-05	-9999
1997-01-06	-9999
1997-01-07	-9999
1997-01-08	-9999
1997-01-09	-9999
1997-01-10	-11.125241542431194
1997-01-11	-9999
1997-01-12	-9999
1997-01-13	-9999
1997-01-14	-9999
1997-01-15	-9999
1997-01-16	-9999
1997-01-17	-9999
1997-01-18	-9999
1997-01-19	-10.830501720183486
1997-01-20	-11.038218176605504
1997-01-21	-10.868268348623854
1997-01-22	-9999
1997-01-23	-9999
1997-01-24	-9999
1997-01-25	-9999
1997-01-26	-9999
1997-01-27	-9999
1997-01-28	-9999
1997-01-29	-9999
1997-01-30	-9999
1997-01-31	-9999
1997-02-01	-9999
1997-02-02	-9999
1997-02-03	-9999
1997-02-04	-9999
1997-02-05	-15.910113245412841
1997-02-06	-10.5299423021789
1997-02-07	-9999
1997-02-08	-9999
1997-02-09	-9999
1997-02-10	-9999
1997-02-11	-12.388375143348624
1997-02-12	-2.6721951452599377
1997-02-13	-0.7056077981651363
1997-02-14	6.282459862385327
1997-02-15	23.342127771406737
1997-02-16	-9999
1997-02-17	-9999
1997-02-18	-1.7008346473623828
1997-02-19	-10.47171875
1997-02-20	-7.4287589592889915
1997-02-21	-9999
1997-02-22	-9999
1997-02-23	-9999
1997-02-24	-10.077923953555047
1997-02-25	-6.061217029816514
1997-02-26	37.685804902522946
1997-02-27	-10.144216666666667
1997-02-28	-9999
1997-03-01	-9999
1997-03-02	-9999
1997-03-03	-9999
1997-03-04	-9999
1997-03-05	-9.399413541666668
1997-03-06	-10.47171875
1997-03-07	-9999
1997-03-08	-9999
1997-03-09	-9999
1997-03-10	-9999
1997-03-11	-9999
1997-03-12	-9999
1997-03-13	-9999
1997-03-14	-10.47171875
1997-03-15	-10.47171875
1997-03-16	-9.0455
1997-03-17	-9999
1997-03-18	-9999
1997-03-19	0.06645312500000244
1997-03-20	-4.661197916666667
1997-03-21	-8.649328125
1997-03-22	-9999
1997-03-23	-10.075546875
1997-03-24	-0.8579479166666655
1997-03-25	-8.047146875
1997-03-26	-9999
1997-03-27	-10.47171875
1997-03-28	19.298593750000006
1997-03-29	-3.498849999999999
1997-03-30	-10.47171875
1997-03-31	-9999
1997-04-01	-9999
1997-04-02	-9999
1997-04-03	-9999
1997-04-04	17.432987500000007
1997-04-05	-10.47171875
1997-04-06	14.297181250000008
1997-04-07	-9999
1997-04-08	-9999
1997-04-09	-9999
1997-04-10	-9999
1997-04-11	-10.381837841130604
1997-04-12	-9999
1997-04-13	-9999
1997-04-14	-9999
1997-04-15	-9999
1997-04-16	-9999
1997-04-17	-9999
1997-04-18	-9999
1997-04-19	-9999
1997-04-20	-3.1014842227095505
1997-04-21	-9999
1997-04-22	-9999
1997-04-23	-9999
1997-04-24	-9999
1997-04-25	-9999
1997-04-26	-0.9273982699805039
1997-04-27	-3.2465789473684215
1997-04-28	-10.47171875
1997-04-29	6.633550499512673
1997-04-30	-3.0891684941520454
1997-05-01	-9999
1997-05-02	-9999
1997-05-03	-9999
1997-05-04	-9999
1997-05-05	-8.834650036549709
1997-05-06	-10.142169995300753
1997-05-07	-10.47171875
1997-05-08	-10.226131461466165
1997-05-09	-9.548142622180452
1997-05-10	-10.47171875
1997-05-11	-9999
1997-05-12	-9999
1997-05-13	-9999
1997-05-14	-9999
1997-05-15	-10.47171875
1997-05-16	-10.47171875
1997-05-17	-9999
1997-05-18	-10.47171875
1997-05-19	-9999
1997-05-20	-3.9856954887218032
1997-05-21	-10.47171875
1997-05-22	-10.170999295112782
1997-05-23	-9999
1997-05-24	-10.219645089285715
1997-05-25	-9999
1997-05-26	-9999
1997-05-27	-9999
1997-05-28	-9999
1997-05-29	-9999
1997-05-30	-9999
1997-05-31	-9999
1997-06-01	-9999
1997-06-02	-9999
1997-06-03	10.689201715225568
1997-06-04	-10.47171875
1997-06-05	-9999
1997-06-06	-9999
1997-06-07	-9999
1997-06-08	14.61388627819549
1997-06-09	-10.47171875
1997-06-10	-9999
1997-06-11	-10.47171875
1997-06-12	-10.47171875
1997-06-13	-3.298664826127818
1997-06-14	7.28650493421053
1997-06-15	-10.47171875
1997-06-16	-10.47171875
1997-06-17	-10.447991714697407
1997-06-18	-10.384992345100866
1997-06-19	-10.31708393371758
1997-06-20	-10.209903188040347
1997-06-21	-10.213994056195967
1997-06-22	-9.200276927233428
1997-06-23	-10.40871938040346
1997-06-24	-9.50954655979827
1997-06-25	-10.45699162463977
1997-06-26	-9.571727755763687
1997-06-27	-9.490728566282419
1997-06-28	-10.47171875
1997-06-29	-9.6952719740634
1997-06-30	-9.990632654899136
1997-07-01	-9999
1997-07-02	-9999
1997-07-03	-10.455538368272842
1997-07-04	-10.41537634934293
1997-07-05	-10.152734081664581
1997-07-06	-10.188562069774719
1997-07-07	-10.463050688360452
1997-07-08	-9999
1997-07-09	-9999
1997-07-10	-9999
1997-07-11	-10.47171875
1997-07-12	-9999
1997-07-13	-9999
1997-07-14	-10.411620189299125
1997-07-15	-9.00605131414268
1997-07-16	-9999
1997-07-17	-10.47171875
1997-07-18	-4.206062167553191
1997-07-19	-5.2830839330413
1997-07-20	-10.253732986545684
1997-07-21	-9999
1997-07-22	-9999
1997-07-23	-8.894190198685857
1997-07-24	-9999
1997-07-25	-1.075385051627027
1997-07-26	-5.165486350125153
1997-07-27	-9999
1997-07-28	-9999
1997-07-29	-10.391408205569462
1997-07-30	-9999
1997-07-31	-10.47171875
1997-08-01	-9.177227485236221
1997-08-02	-9.78974286417323
1997-08-03	-9999
1997-08-04	-9999
1997-08-05	-9999
1997-08-06	-9.663451033464568
1997-08-07	-9999
1997-08-08	-9.566627296587928
1997-08-09	-9999
1997-08-10	-9999
1997-08-11	-9999
1997-08-12	-9999
1997-08-13	-9999
1997-08-14	-9999
1997-08-15	-9999
1997-08-16	-9999
1997-08-17	-9999
1997-08-18	-10.47171875
1997-08-19	-9999
1997-08-20	-9999
1997-08-21	-9999
1997-08-22	-9999
1997-08-23	-9999
1997-08-24	-9999
1997-08-25	-9999
1997-08-26	-10.47171875
1997-08-27	-10.47171875
1997-08-28	-8.152082923228344
1997-08-29	-10.133965715223098
1997-08-30	-10.421108513779528
1997-08-31	-10.47171875
1997-09-01	-9999
1997-09-02	-10.428664903215225
1997-09-03	-10.47171875
1997-09-04	-9999
1997-09-05	-9999
1997-09-06	-10.437451402559056
1997-09-07	-10.042937582020997
1997-09-08	-9999
1997-09-09	-9999
1997-09-10	-9999
1997-09-11	-9999
1997-09-12	-1.5034301181102343
1997-09-13	12.530582759186359
1997-09-14	-9999
1997-09-15	-9999
1997-09-16	-9999
1997-09-17	-9999
1997-09-18	-9999
1997-09-19	-9999
1997-09-20	-9.12738134295713
1997-09-21	-9999
1997-09-22	-9999
1997-09-23	-9999
1997-09-24	-9999
1997-09-25	-9999
1997-09-26	-9999
1997-09-27	-9999
1997-09-28	-9999
1997-09-29	-9999
1997-09-30	-9999
1997-10-01	-9999
1997-10-02	-9999
1997-10-03	-9999
1997-10-04	-9999
1997-10-05	-9999
1997-10-06	-9999
1997-10-07	-8.789310203412073
1997-10-08	-9999
1997-10-09	-9999
1997-10-10	0.24003731955380836
1997-10-11	-9.816464895013125
1997-10-12	41.8979908956693
1997-10-13	-2.300020095144358
1997-10-14	-9.497692749343832
1997-10-15	-0.8022969980314958
1997-10-16	-6.674282316272965
1997-10-17	-9999
1997-10-18	-9999
1997-10-19	-10.47171875
1997-10-20	-9999
1997-10-21	-10.547989663001912
1997-10-22	-10.573413300669216
1997-10-23	-10.509854206500957
1997-10-24	-9999
1997-10-25	-9999
1997-10-26	-9999
1997-10-27	-9999
1997-10-28	-9999
1997-10-29	-9999
1997-10-30	-9999
1997-10-31	-9999
1997-11-01	-9999
1997-11-02	-9999
1997-11-03	-9999
1997-11-04	-9999
1997-11-05	-10.47171875
1997-11-06	-9999
1997-11-07	-9999
1997-11-08	-22.06489752629063
1997-11-09	-17.844573673518166
1997-11-10	-9999
1997-11-11	-9999
1997-11-12	-37.36992740200765
1997-11-13	-12.912387966061186
1997-11-14	-9999
1997-11-15	-9999
1997-11-16	-16.649662703154878
1997-11-17	-9999
1997-11-18	-9999
1997-11-19	-9999
1997-11-20	-14.419152724665391
1997-11-21	-11.38739752629063
1997-11-22	-9999
1997-11-23	-9999
1997-11-24	-9999
1997-11-25	-9999
1997-11-26	-9999
1997-11-27	-9999
1997-11-28	-11.420304732313577
1997-11-29	-11.215707755736139
1997-11-30	-13.052788300669217
1997-12-01	-15.639580843690247
1997-12-02	-13.424782803537285
1997-12-03	-10.485760126072963
1997-12-04	-10.472144246244635
1997-12-05	-9999
1997-12-06	-9999
1997-12-07	-9999
1997-12-08	-9999
1997-12-09	-10.501503487124465
1997-12-10	-10.498950509656654
1997-12-11	-11.072944943669526
1997-12-12	-11.139747854077251
1997-12-13	-10.761907188841201
1997-12-14	-10.609579533261803
1997-12-15	-10.535330438572961
1997-12-16	-9999
1997-12-17	-9999
1997-12-18	-9999
1997-12-19	-9999
1997-12-20	-12.79691796875
1997-12-21	-22.326293749999998
1997-12-22	-11.96142265625
1997-12-23	-9999
1997-12-24	-10.519010937500001
1997-12-25	-10.524265625000002
1997-12-26	-18.3905328125
1997-12-27	-12.552575000000001
1997-12-28	-12.0428703125
1997-12-29	-9999
1997-12-30	-9999
1997-12-31	-9999
1998-01-01	-9999
1998-01-02	-9.590095723684211
1998-01-03	-9.67343322368421
1998-01-04	-9.572550986842105
1998-01-05	-10.182230592105263
1998-01-06	-8.568114802631579
1998-01-07	-10.085734539473684
1998-01-08	-9999
1998-01-09	-9999
1998-01-10	-9999
1998-01-11	-9999
1998-01-12	-9999
1998-01-13	-9999
1998-01-14	-10.816898039544236
1998-01-15	-10.527193992962466
1998-01-16	-14.811115532841823
1998-01-17	-12.69072846849866
1998-01-18	-12.65374497319035
1998-01-19	-19.489527689343163
1998-01-20	-14.761804205764076
1998-01-21	-14.354985757372654
1998-01-22	-9999
1998-01-23	-9999
1998-01-24	-11.507256618632708
1998-01-25	-12.715384132037533
1998-01-26	-9999
1998-01-27	-9999
1998-01-28	-9999
1998-01-29	-9999
1998-01-30	-9999
1998-01-31	-9999
1998-02-01	-9999
1998-02-02	-9999
1998-02-03	-9999
1998-02-04	-9999
1998-02-05	-9999
1998-02-06	-9999
1998-02-07	-11.426289645522386
1998-02-08	-9999
1998-02-09	-9999
1998-02-10	-9999
1998-02-11	-9999
1998-02-12	-9999
1998-02-13	-9999
1998-02-14	-9999
1998-02-15	-9999
1998-02-16	-9999
1998-02-17	-9999
1998-02-18	-9999
1998-02-19	-9999
1998-02-20	-9999
1998-02-21	-9999
1998-02-22	-60.12727203824627
1998-02-23	-106.016005130597
1998-02-24	-14.32717000932836
1998-02-25	-11.13645172574627
1998-02-26	-9999
1998-02-27	-9999
1998-02-28	-10.47171875
1998-03-01	-9.101104214231356
1998-03-02	-9999
1998-03-03	-9999
1998-03-04	-9999
1998-03-05	-9.29088161149163
1998-03-06	-9.380498715753426
1998-03-07	-9.391041904490107
1998-03-08	-3.6871767979452033
1998-03-09	-5.7272838184931505
1998-03-10	-9999
1998-03-11	-9999
1998-03-12	-10.242468813645623
1998-03-13	-10.330641866089614
1998-03-14	-9999
1998-03-15	-8.990411468940938
1998-03-16	-8.355565491344196
1998-03-17	-10.408234152240327
1998-03-18	-9999
1998-03-19	-10.020272721486762
1998-03-20	-10.47171875
1998-03-21	-8.63771925916497
1998-03-22	-9999
1998-03-23	-6.239412232688391
1998-03-24	-10.013218877291242
1998-03-25	-9999
1998-03-26	-9999
1998-03-27	-9999
1998-03-28	-9999
1998-03-29	-9999
1998-03-30	-9999
1998-03-31	-9999
1998-04-01	-10.47171875
1998-04-02	-2.424228009259256
1998-04-03	-9.627755208333333
1998-04-04	-3.0550694444444417
1998-04-05	-5.407937499999999
1998-04-06	-9999
1998-04-07	-10.754749604985957
1998-04-08	-10.47171875
1998-04-09	-9999
1998-04-10	-11.364661165730338
1998-04-11	-10.47171875
1998-04-12	-14.27469671699438
1998-04-13	-12.927310393258427
1998-04-14	-9999
1998-04-15	-9999
1998-04-16	-11.667623771067417
1998-04-17	-11.524115168539327
1998-04-18	-15.972881846910113
1998-04-19	-12.596443337429776
1998-04-20	-9999
1998-04-21	-18.12551088483146
1998-04-22	-9999
1998-04-23	-9999
1998-04-24	-10.653701054216869
1998-04-25	-10.47171875
1998-04-26	-9999
1998-04-27	-10.47171875
1998-04-28	-13.797950865963855
1998-04-29	-9999
1998-04-30	-9999
1998-05-01	-14.263016754518071
1998-05-02	-18.31212302334337
1998-05-03	-10.47171875
1998-05-04	-11.128877070783133
1998-05-05	-9999
1998-05-06	-9999
1998-05-07	-9999
1998-05-08	-9999
1998-05-09	-9999
1998-05-10	-9999
1998-05-11	-9999
1998-05-12	-9999
1998-05-13	-9999
1998-05-14	-9999
1998-05-15	-9999
1998-05-16	-9999
1998-05-17	-10.47171875
1998-05-18	-10.47171875
1998-05-19	-9999
1998-05-20	-9999
1998-05-21	-9999
1998-05-22	-9.894928716638866
1998-05-23	-9999
1998-05-24	-9999
1998-05-25	-10.191334706005005
1998-05-26	-10.47171875
1998-05-27	-9.673291805671393
1998-05-28	-9999
1998-05-29	-9.203314741451209
1998-05-30	-9999
1998-05-31	-10.47171875
1998-06-01	-10.47171875
1998-06-02	-10.47171875
1998-06-03	-6.939732459341117
1998-06-04	-9999
1998-06-05	-9999
1998-06-06	-9999
1998-06-07	-4.62130043265221
1998-06-08	-10.47171875
1998-06-09	-9999
1998-06-10	-0.8882626146788972
1998-06-11	11.002757897206006
1998-06-12	20.25656197873228
1998-06-13	-9.60230673999166
1998-06-14	-10.47171875
1998-06-15	-5.222643739574646
1998-06-16	-8.991907057964971
1998-06-17	-9999
1998-06-18	-9999
1998-06-19	-9999
1998-06-20	-9999
1998-06-21	-9999
1998-06-22	-10.47171875
1998-06-23	-10.47171875
1998-06-24	-9999
1998-06-25	-10.276815839379948
1998-06-26	-8.414410249010555
1998-06-27	-2.094502906497361
1998-06-28	-10.47171875
1998-06-29	-9999
1998-06-30	-10.47171875
1998-07-01	-9999
1998-07-02	-0.7584882091028984
1998-07-03	-7.014153817612137
1998-07-04	-10.47171875
1998-07-05	-9999
1998-07-06	-9999
1998-07-07	-8.789160413918207
1998-07-08	-6.132813736807388
1998-07-09	-10.47171875
1998-07-10	-10.47171875
1998-07-11	-10.47171875
1998-07-12	-9999
1998-07-13	-0.6537135141820567
1998-07-14	-10.47171875
1998-07-15	-9999
1998-07-16	-4.346136419854881
1998-07-17	-10.47171875
1998-07-18	-9999
1998-07-19	-9999
1998-07-20	-9999
1998-07-21	-10.47171875
1998-07-22	-9999
1998-07-23	-9999
1998-07-24	-4.081895613456462
1998-07-25	-10.47171875
1998-07-26	-9999
1998-07-27	19.863125824538265
1998-07-28	-0.28163237961741494
1998-07-29	-10.47171875
1998-07-30	-9999
1998-07-31	-7.120664887038259
1998-08-01	5.440382173482853
1998-08-02	-7.762049389841689
1998-08-03	-9.549278116754618
1998-08-04	-10.47171875
1998-08-05	-10.47171875
1998-08-06	-9999
1998-08-07	-9999
1998-08-08	-9999
1998-08-09	-9999
1998-08-10	-9999
1998-08-11	-9999
1998-08-12	-9999
1998-08-13	-9999
1998-08-14	-9999
1998-08-15	-9999
1998-08-16	-9999
1998-08-17	-9999
1998-08-18	-10.175287059538276
1998-08-19	-9999
1998-08-20	-9999
1998-08-21	-5.916989102369381
1998-08-22	-1.5953058551032804
1998-08-23	-9.515933513061968
1998-08-24	-4.166191145200486
1998-08-25	-9.586732419501823
1998-08-26	-9999
1998-08-27	-9999
1998-08-28	-9999
1998-08-29	-9999
1998-08-30	-9999
1998-08-31	-9999
1998-09-01	-10.47171875
1998-09-02	-10.47171875
1998-09-03	-10.57982457472661
1998-09-04	-10.47171875
1998-09-05	-11.042728014884565
1998-09-06	-10.505400402490888
1998-09-07	-10.47171875
1998-09-08	-10.47171875
1998-09-09	-9999
1998-09-10	-10.751171210510327
1998-09-11	-11.210039869380312
1998-09-12	-10.901686095078977
1998-09-13	-10.64617918438639
1998-09-14	-10.61556747417983
1998-09-15	-10.491497949574727
1998-09-16	-10.368766473642173
1998-09-17	-10.025592219116081
1998-09-18	-10.47171875
1998-09-19	-9999
1998-09-20	-9999
1998-09-21	-9999
1998-09-22	-9999
1998-09-23	-9999
1998-09-24	-9999
1998-09-25	-9999
1998-09-26	-9999
1998-09-27	-7.441980331469649
1998-09-28	-8.6553464456869
1998-09-29	-9.373561135516507
1998-09-30	-5.397642272364216
1998-10-01	-14.251574980031945
1998-10-02	-9999
1998-10-03	-12.702453574281149
1998-10-04	-11.943384085463258
1998-10-05	-10.47171875
1998-10-06	-9999
1998-10-07	-16.095029452875394
1998-10-08	-10.87255391373802
1998-10-09	-9999
1998-10-10	-10.47171875
1998-10-11	-15.35532398162939
1998-10-12	-11.099112919329073
1998-10-13	-10.47171875
1998-10-14	-10.470087985436894
1998-10-15	-10.406488167475729
1998-10-16	-10.47171875
1998-10-17	-10.45214957524272
1998-10-18	-9.012184466019418
1998-10-19	-10.432580400485438
1998-10-20	-10.47171875
1998-10-21	-9999
1998-10-22	-9999
1998-10-23	-10.39018052184466
1998-10-24	-6.848159890776699
1998-10-25	-3.661645934466021
1998-10-26	-7.77932645631068
1998-10-27	-9.604152002427185
1998-10-28	-10.47171875
1998-10-29	-10.359116946282294
1998-10-30	-10.32481441005041
1998-10-31	-10.456058896502837
1998-11-01	-10.15404743620038
1998-11-02	-10.47171875
1998-11-03	-9.986263291587903
1998-11-04	-9.957553560176434
1998-11-05	-10.33152577583491
1998-11-06	-9999
1998-11-07	-9999
1998-11-08	-9999
1998-11-09	-10.283800508034027
1998-11-10	-8.750999133585381
1998-11-11	-10.456058896502837
1998-11-12	-10.488157950680273
1998-11-13	-10.537475552721089
1998-11-14	-11.112847576530612
1998-11-15	-12.28003082482993
1998-11-16	-12.225233489229025
1998-11-17	-10.94845556972789
1998-11-18	-9999
1998-11-19	-10.668989158163265
1998-11-20	-10.693647959183673
1998-11-21	-10.608712089002267
1998-11-22	-9999
1998-11-23	-9999
1998-11-24	-9999
1998-11-25	-9999
1998-11-26	-9999
1998-11-27	-10.987800090252708
1998-11-28	-9999
1998-11-29	-11.376628497292419
1998-11-30	-10.842873138537907
1998-12-01	-9999
1998-12-02	-9999
1998-12-03	-9999
1998-12-04	-10.726224616425993
1998-12-05	-10.47171875
1998-12-06	-10.78278147563177
1998-12-07	-10.938312838447654
1998-12-08	-10.517671198104694
1998-12-09	-10.47171875
1998-12-10	-6.852541459837543
1998-12-11	-3.0571925767147983
1998-12-12	-7.541908562725631
1998-12-13	-8.265744020758122
1998-12-14	-9999
1998-12-15	-9999
1998-12-16	-9999
1998-12-17	-9999
1998-12-18	-9999
1998-12-19	-10.104056295126355
1998-12-20	-5.684447202166063
1998-12-21	-5.194230595667867
1998-12-22	-10.47171875
1998-12-23	-9999
1998-12-24	-9.4599071557971
1998-12-25	-9999
1998-12-26	-9999
1998-12-27	-9999
1998-12-28	-9999
1998-12-29	-9999
1998-12-30	-9999
1998-12-31	-9999
1999-01-01	-9999
1999-01-02	-9999
1999-01-03	3.9465964673913128
1999-01-04	-4.305991847826084
1999-01-05	-9999
1999-01-06	-9999
1999-01-07	-10.453309403153154
1999-01-08	-8.207369087837835
1999-01-09	-10.213987894144145
1999-01-10	-9999
1999-01-11	-9.974666385135135
1999-01-12	-10.165663358671171
1999-01-13	-10.048303772522523
1999-01-14	-10.347455658783785
1999-01-15	-9999
1999-01-16	-9999
1999-01-17	-9999
1999-01-18	-9999
1999-01-19	-9999
1999-01-20	-9999
1999-01-21	-9999
1999-01-22	-9999
1999-01-23	-9999
1999-01-24	-9999
1999-01-25	-9999
1999-01-26	-21.288306271294715
1999-01-27	-13.77904626277683
1999-01-28	-20.170050042589438
1999-01-29	-16.977936807921633
1999-01-30	-11.6645253939523
1999-01-31	-12.667567344548551
1999-02-01	-9999
1999-02-02	-9999
1999-02-03	-10.464476254111842
1999-02-04	-9999
1999-02-05	-8.874748406661183
1999-02-06	-10.370323807565791
1999-02-07	-5.782202662417761
1999-02-08	-10.124078947368421
1999-02-09	-9.0268408203125
1999-02-10	-7.458840460526314
1999-02-11	-9.950259046052633
1999-02-12	-9999
1999-02-13	-9999
1999-02-14	-10.47421244394619
1999-02-15	-9999
1999-02-16	-10.700307361733932
1999-02-17	-10.890659332959642
1999-02-18	-10.90811519058296
1999-02-19	-12.353626448056803
1999-02-20	-14.429211042600897
1999-02-21	-12.782541806801197
1999-02-22	-14.86062009529148
1999-02-23	-10.47171875
1999-02-24	-12.578890134529148
1999-02-25	-10.785924187219731
1999-02-26	-9999
1999-02-27	-9999
1999-02-28	-9999
1999-03-01	-10.646597782258064
1999-03-02	-14.215223034274192
1999-03-03	-10.47171875
1999-03-04	-16.401210937499997
1999-03-05	-11.346113911290324
1999-03-06	-12.685031502016129
1999-03-07	-13.040254536290323
1999-03-08	-12.034700100806452
1999-03-09	-18.47243447580645
1999-03-10	-13.739770665322581
1999-03-11	-11.542852822580645
1999-03-12	-9999
1999-03-13	-9999
1999-03-14	-10.47171875
1999-03-15	-9999
1999-03-16	-9999
1999-03-17	-9999
1999-03-18	-9999
1999-03-19	-10.749057280066816
1999-03-20	-11.111330734966593
1999-03-21	-9999
1999-03-22	-15.791418429844093
1999-03-23	-12.738961233296212
1999-03-24	-10.47171875
1999-03-25	-9999
1999-03-26	-9999
1999-03-27	-10.430029818702291
1999-03-28	-9999
1999-03-29	-9999
1999-03-30	-9999
1999-03-31	-9999
1999-04-01	-9999
1999-04-02	-10.466814169847328
1999-04-03	-10.47171875
1999-04-04	-10.456391937022902
1999-04-05	-9999
1999-04-06	-10.47171875
1999-04-07	-9.296152194656486
1999-04-08	-10.661621378383067
1999-04-09	-9999
1999-04-10	-9999
1999-04-11	-11.350476665510062
1999-04-12	-10.887451531054824
1999-04-13	-12.213103855829283
1999-04-14	-10.559704523768218
1999-04-15	-11.457159416204025
1999-04-16	-11.42343153625954
1999-04-17	-10.69094996963914
1999-04-18	-11.149209208015266
1999-04-19	-11.571540922102706
1999-04-20	-9999
1999-04-21	-11.45166030534351
1999-04-22	-10.422569444444445
1999-04-23	-9.341284722222223
1999-04-24	-8.923515625
1999-04-25	-10.47171875
1999-04-26	-9999
1999-04-27	-9999
1999-04-28	-9999
1999-04-29	-6.1465798611111095
1999-04-30	-5.605937499999998
1999-05-01	-9999
1999-05-02	-9999
1999-05-03	-9999
1999-05-04	-9999
1999-05-05	-9999
1999-05-06	-10.294554618187579
1999-05-07	-10.47171875
1999-05-08	-10.101758357097593
1999-05-09	-10.47171875
1999-05-10	-10.47171875
1999-05-11	-8.939770080798478
1999-05-12	-4.651355948986055
1999-05-13	-9.099999405893536
1999-05-14	-8.283220651140685
1999-05-15	-9.998846839353613
1999-05-16	-9999
1999-05-17	-10.47171875
1999-05-18	-10.47171875
1999-05-19	-10.319573583743843
1999-05-20	-9.75043796182266
1999-05-21	-4.166146859605911
1999-05-22	-7.203415178571428
1999-05-23	-10.47171875
1999-05-24	-9999
1999-05-25	-10.47171875
1999-05-26	-9999
1999-05-27	-9999
1999-05-28	-9999
1999-05-29	-9999
1999-05-30	-9999
1999-05-31	-10.47171875
1999-06-01	-9999
1999-06-02	-9.658040471311477
1999-06-03	-10.413904767040552
1999-06-04	-9.118443297023298
1999-06-05	-9999
1999-06-06	-9.405371953192407
1999-06-07	-10.47171875
1999-06-08	-6.4118923910698875
1999-06-09	-9999
1999-06-10	-4.54043235008628
1999-06-11	-8.351872708153582
1999-06-12	-10.47171875
1999-06-13	-10.47171875
1999-06-14	-7.024292358714408
1999-06-15	-10.47171875
1999-06-16	-9999
1999-06-17	-9999
1999-06-18	-9.826770119863014
1999-06-19	-9999
1999-06-20	-9999
1999-06-21	-2.141132277397256
1999-06-22	-7.963585188356165
1999-06-23	-9999
1999-06-24	-9999
1999-06-25	-9999
1999-06-26	-10.180535582049764
1999-06-27	-9.239465343601896
1999-06-28	-10.239616224822276
1999-06-29	-10.47171875
1999-06-30	-8.87654139514218
1999-07-01	-9999
1999-07-02	-9999
1999-07-03	-9999
1999-07-04	-9999
1999-07-05	-9999
1999-07-06	4.011478821090051
1999-07-07	-3.0275577606635053
1999-07-08	-9999
1999-07-09	-10.47171875
1999-07-10	-9.945696275177726
1999-07-11	-10.47171875
1999-07-12	-10.145103487855451
1999-07-13	-4.145696830568718
1999-07-14	1.0801473637440768
1999-07-15	-8.429513847748815
1999-07-16	-9999
1999-07-17	-9999
1999-07-18	-9999
1999-07-19	-9999
1999-07-20	-10.47171875
1999-07-21	-9999
1999-07-22	-10.47171875
1999-07-23	-10.290023631489843
1999-07-24	-9999
1999-07-25	-9999
1999-07-26	-9999
1999-07-27	-9999
1999-07-28	-9.600255126034613
1999-07-29	-9999
1999-07-30	-9999
1999-07-31	-9999
1999-08-01	-9999
1999-08-02	-9999
1999-08-03	-10.47171875
1999-08-04	-9999
1999-08-05	-9999
1999-08-06	-10.47171875
1999-08-07	-10.47171875
1999-08-08	-10.47171875
1999-08-09	-9.57670205511663
1999-08-10	-3.9778006254702767
1999-08-11	-9.447160165067721
1999-08-12	-0.18239148325808863
1999-08-13	-9999
1999-08-14	-10.47171875
1999-08-15	-8.705238431151242
1999-08-16	-7.075606306433409
1999-08-17	-6.1824499153498875
1999-08-18	-6.616672192437924
1999-08-19	-9.345565039503388
1999-08-20	6.473540843679462
1999-08-21	-9999
1999-08-22	-9999
1999-08-23	-9999
1999-08-24	-7.110908930586907
1999-08-25	-9999
1999-08-26	-9.010190110045148
1999-08-27	-9999
1999-08-28	-7.5204193707674944
1999-08-29	-10.47171875
1999-08-30	-9999
1999-08-31	-9999
1999-09-01	-9999
1999-09-02	-9999
1999-09-03	-9999
1999-09-04	-9999
1999-09-05	-9999
1999-09-06	-9999
1999-09-07	-9999
1999-09-08	-9999
1999-09-09	-9999
1999-09-10	-9999
1999-09-11	-9999
1999-09-12	-9999
1999-09-13	-9999
1999-09-14	-9999
1999-09-15	-9999
1999-09-16	-10.402948292889391
1999-09-17	-9.841926142776524
1999-09-18	-9999
1999-09-19	-9999
1999-09-20	-7.233474769563579
1999-09-21	-10.209908413280663
1999-09-22	-10.47171875
1999-09-23	-10.008423038939052
1999-09-24	-9.511043724134687
1999-09-25	-9.834687147291197
1999-09-26	-5.722636086813389
1999-09-27	-9999
1999-09-28	-8.702689228273137
1999-09-29	-8.149207698457484
1999-09-30	-2.680174943566592
1999-10-01	-9.681590363995486
1999-10-02	-9999
1999-10-03	4.3671317720090315
1999-10-04	-2.6901513120767504
1999-10-05	-5.770853908013543
1999-10-06	-9999
1999-10-07	-9999
1999-10-08	-9999
1999-10-09	-9999
1999-10-10	-9999
1999-10-11	-9999
1999-10-12	-9999
1999-10-13	-10.47171875
1999-10-14	-9999
1999-10-15	-9999
1999-10-16	-9999
1999-10-17	-9999
1999-10-18	-9999
1999-10-19	-9999
1999-10-20	-7.405884248657619
1999-10-21	-8.010490501907585
1999-10-22	-8.455928346381327
1999-10-23	-8.524955480983992
1999-10-24	-9.77814862238181
1999-10-25	-9.579078924124424
1999-10-26	-10.47171875
1999-10-27	-10.47171875
1999-10-28	-9999
1999-10-29	-10.47171875
1999-10-30	-9999
1999-10-31	-10.750911357003892
1999-11-01	-9999
1999-11-02	-10.497893056906616
1999-11-03	-11.14691892631323
1999-11-04	-10.475596425097278
1999-11-05	-9999
1999-11-06	-11.043675826848249
1999-11-07	-9999
1999-11-08	-10.512434338521402
1999-11-09	-11.6563484922179
1999-11-10	-12.928225924124513
1999-11-11	-10.823250726744186
1999-11-12	-9999
1999-11-13	-9999
1999-11-14	-9999
1999-11-15	-19.406489825581396
1999-11-16	-11.702080668604651
1999-11-17	-20.929795058139533
1999-11-18	-12.580910610465116
1999-11-19	-9999
1999-11-20	-9999
1999-11-21	-9999
1999-11-22	-12.22937863372093
1999-11-23	-37.129560319767435
1999-11-24	-9999
1999-11-25	-9999
1999-11-26	-10.44368681812564
1999-11-27	-9999
1999-11-28	-9999
1999-11-29	-9999
1999-11-30	-9999
1999-12-01	-10.079271703758943
1999-12-02	-5.740523299948891
1999-12-03	-9999
1999-12-04	-9999
1999-12-05	-9999
1999-12-06	-9999
1999-12-07	-9999
1999-12-08	-7.5283659031920696
1999-12-09	-9999
1999-12-10	-10.55560775
1999-12-11	-10.573353500000001
1999-12-12	-10.78791575
1999-12-13	-10.826633750000001
1999-12-14	-11.78813075
1999-12-15	-10.878257750000001
1999-12-16	-9999
1999-12-17	-9999
1999-12-18	-11.82684875
1999-12-19	-14.34029225
1999-12-20	-10.549154750000001
1999-12-21	-10.618524500000001
1999-12-22	-9999
1999-12-23	-9999
1999-12-24	-9999
1999-12-25	-7.509838350392961
1999-12-26	-8.348035468555867
1999-12-27	-6.051450539418937
1999-12-28	-7.7616733589889915
1999-12-29	-9.750042307456154
1999-12-30	-9999
1999-12-31	-10.358956805852525
2000-01-01	-10.347680611437777
2000-01-02	-10.426613972341011
2000-01-03	-9999
2000-01-04	-9.515046415852813
2000-01-05	-8.554765699492906
2000-01-06	-9999
2000-01-07	-9999
2000-01-08	-9999
2000-01-09	-6.974140625
2000-01-10	-3.18509765625
2000-01-11	-9999
2000-01-12	-9999
2000-01-13	-9999
2000-01-14	-9999
2000-01-15	-9999
2000-01-16	-9999
2000-01-17	-9999
2000-01-18	-10.47171875
2000-01-19	-10.44143320891849
2000-01-20	-9999
2000-01-21	-10.460566099496734
2000-01-22	-9.532866976473134
2000-01-23	-8.919584769572518
2000-01-24	-10.044601764127439
2000-01-25	-9999
2000-01-26	-9999
2000-01-27	-9999
2000-01-28	-9999
2000-01-29	-3.59235809333458
2000-01-30	3.520201229658479
2000-01-31	-9999
2000-02-01	-9999
2000-02-02	-10.34528342834809
2000-02-03	-10.47171875
2000-02-04	-9999
2000-02-05	-9999
2000-02-06	-9999
2000-02-07	-10.408688080161234
2000-02-08	-8.478899071930977
2000-02-09	-10.231000419841093
2000-02-10	-9999
2000-02-11	-10.240596290088737
2000-02-12	-9999
2000-02-13	-9.988698777601181
2000-02-14	-10.461331223711854
2000-02-15	-9.51058691137351
2000-02-16	-9.772430480281967
2000-02-17	-10.04453173139997
2000-02-18	-9.123417837798563
2000-02-19	-9.0694027011002
2000-02-20	-9.562810199787167
2000-02-21	-9999
2000-02-22	-9999
2000-02-23	-9999
2000-02-24	-10.444415137151607
2000-02-25	-10.52627174115531
2000-02-26	-10.47171875
2000-02-27	-9999
2000-02-28	-9999
2000-02-29	-10.823137643598269
2000-03-01	-11.193520378581987
2000-03-02	-10.516444791003417
2000-03-03	-9999
2000-03-04	-11.337725441041757
2000-03-05	-9999
2000-03-06	-9999
2000-03-07	-9999
2000-03-08	-10.738632261726416
2000-03-09	-10.47171875
2000-03-10	-10.47171875
2000-03-11	-9999
2000-03-12	-9999
2000-03-13	-9999
2000-03-14	-4.124476365118174
2000-03-15	-5.481756952933985
2000-03-16	-9.631138001731866
2000-03-17	-9999
2000-03-18	12.378353835574572
2000-03-19	-7.555418194784027
2000-03-20	-9999
2000-03-21	-9999
2000-03-22	-9999
2000-03-23	-9999
2000-03-24	-10.591227844306042
2000-03-25	-9999
2000-03-26	-12.188589924235867
2000-03-27	-12.684996506841816
2000-03-28	-11.740005950304534
2000-03-29	-12.07666130624701
2000-03-30	-10.77604444156575
2000-03-31	-9999
2000-04-01	-10.870108746231528
2000-04-02	-9999
2000-04-03	-9999
2000-04-04	-9999
2000-04-05	-16.637278215487918
2000-04-06	-10.978960558449508
2000-04-07	-9999
2000-04-08	-9999
2000-04-09	-9999
2000-04-10	-9999
2000-04-11	-13.872493980475191
2000-04-12	-18.447992960825463
2000-04-13	-13.838508461687404
2000-04-14	-9999
2000-04-15	-10.47171875
2000-04-16	-9999
2000-04-17	-11.99630277038675
2000-04-18	-15.89113850996852
2000-04-19	-9999
2000-04-20	-9999
2000-04-21	-9999
2000-04-22	-9999
2000-04-23	-10.47171875
2000-04-24	-27.663124999999997
2000-04-25	-9999
2000-04-26	-9999
2000-04-27	-9999
2000-04-28	-9999
2000-04-29	-9999
2000-04-30	-9999
2000-05-01	-9999
2000-05-02	-9999
2000-05-03	-10.47171875
2000-05-04	-10.297076581790124
2000-05-05	-7.860402520576132
2000-05-06	-10.47171875
2000-05-07	-9999
2000-05-08	0.8218081275720195
2000-05-09	-10.47171875
2000-05-10	-9999
2000-05-11	-9999
2000-05-12	-9.78312962962963
2000-05-13	-10.47171875
2000-05-14	-9999
2000-05-15	-9999
2000-05-16	-10.47171875
2000-05-17	-7.30487409979424
2000-05-18	-10.051715027699082
2000-05-19	-10.334497317262697
2000-05-20	-10.47171875
2000-05-21	-9.373947288101569
2000-05-22	-9.232177078588442
2000-05-23	-9999
2000-05-24	-9999
2000-05-25	-9999
2000-05-26	-9999
2000-05-27	-10.308720915533037
2000-05-28	-7.519562622491371
2000-05-29	-6.568868276344526
2000-05-30	0.17783953108188122
2000-05-31	5.231257602413828
2000-06-01	-9999
2000-06-02	-9999
2000-06-03	-10.47171875
2000-06-04	-9999
2000-06-05	-6.795501545792602
2000-06-06	-7.610953361998607
2000-06-07	-9999
2000-06-08	-9999
2000-06-09	-9999
2000-06-10	-10.47171875
2000-06-11	15.774244077614036
2000-06-12	-8.721717832955818
2000-06-13	3.760204217142304
2000-06-14	-10.47171875
2000-06-15	-0.22540261678557627
2000-06-16	-9999
2000-06-17	-9999
2000-06-18	-9999
2000-06-19	-9999
2000-06-20	-9999
2000-06-21	-9999
2000-06-22	-10.47171875
2000-06-23	-10.47171875
2000-06-24	28.23061041666667
2000-06-25	-10.47171875
2000-06-26	-9999
2000-06-27	-9999
2000-06-28	-3.692739351851851
2000-06-29	-9999
2000-06-30	-9999
2000-07-01	-10.47171875
2000-07-02	-10.016404405235182
2000-07-03	-7.318881683420976
2000-07-04	-9.317325069287312
2000-07-05	-9999
2000-07-06	-9999
2000-07-07	-8.54307591226978
2000-07-08	-7.535585539018948
2000-07-09	-9.17772397301508
2000-07-10	-3.7189631572419053
2000-07-11	-9.866064763095856
2000-07-12	-6.728082684966312
2000-07-13	-10.306345143646741
2000-07-14	-9.85895571704914
2000-07-15	-9.866369027160886
2000-07-16	-10.230510819849831
2000-07-17	-9999
2000-07-18	-9999
2000-07-19	-9999
2000-07-20	-9999
2000-07-21	-9999
2000-07-22	-9999
2000-07-23	-10.47171875
2000-07-24	-9.148336990623237
2000-07-25	-10.22008982392132
2000-07-26	-9.631896618769389
2000-07-27	-9999
2000-07-28	-8.446035942808336
2000-07-29	-8.127575232254648
2000-07-30	-10.47171875
2000-07-31	-9999
2000-08-01	-9999
2000-08-02	-10.47171875
2000-08-03	-9.438101112484254
2000-08-04	-9999
2000-08-05	-5.80420794842921
2000-08-06	-0.6945529187502384
2000-08-07	-9.388757556924457
2000-08-08	-10.47171875
2000-08-09	-10.01723863300187
2000-08-10	-9999
2000-08-11	-9999
2000-08-12	-9999
2000-08-13	-9999
2000-08-14	-9999
2000-08-15	-9999
2000-08-16	-9999
2000-08-17	-9999
2000-08-18	-4.89995571524064
2000-08-19	-10.47171875
2000-08-20	-2.139750525210083
2000-08-21	40.230468988731864
2000-08-22	-9999
2000-08-23	-9999
2000-08-24	-9999
2000-08-25	-9999
2000-08-26	-9999
2000-08-27	-7.863023345797941
2000-08-28	-10.47171875
2000-08-29	-9999
2000-08-30	-9.466863664718637
2000-08-31	-2.738868469869306
2000-09-01	-10.47171875
2000-09-02	-8.818704376284389
2000-09-03	-0.8580499322528894
2000-09-04	-8.217271774596648
2000-09-05	-9999
2000-09-06	-10.077612512965125
2000-09-07	-8.080392417833528
2000-09-08	-9999
2000-09-09	-9999
2000-09-10	-9999
2000-09-11	-9999
2000-09-12	-9999
2000-09-13	-5.262043526351614
2000-09-14	-10.423678712077013
2000-09-15	-10.47171875
2000-09-16	-5.050311507357708
2000-09-17	-10.47171875
2000-09-18	-9999
2000-09-19	-9999
2000-09-20	51.36648562086739
2000-09-21	-11.535335069479522
2000-09-22	-9999
2000-09-23	-9999
2000-09-24	-9999
2000-09-25	-9999
2000-09-26	-9999
2000-09-27	-9999
2000-09-28	-9999
2000-09-29	-9999
2000-09-30	-12.229741769280892
2000-10-01	-10.55324662534834
2000-10-02	-13.806719002560968
2000-10-03	-10.47171875
2000-10-04	-9999
2000-10-05	-10.824733487709606
2000-10-06	-10.585815591279008
2000-10-07	-10.47171875
2000-10-08	-10.542433110631926
2000-10-09	-10.794491743431738
2000-10-10	-11.134379263055326
2000-10-11	-11.163949055361075
2000-10-12	-10.548241593717295
2000-10-13	-10.713853525704645
2000-10-14	-9999
2000-10-15	-10.47171875
2000-10-16	-9999
2000-10-17	-10.48152520841604
2000-10-18	-9999
2000-10-19	-10.47171875
2000-10-20	-9999
2000-10-21	-9999
2000-10-22	-10.47171875
2000-10-23	-10.47171875
2000-10-24	-7.1428951015887066
2000-10-25	-10.47171875
2000-10-26	-3.819938588803841
2000-10-27	-9.573137835577942
2000-10-28	-9999
2000-10-29	-9999
2000-10-30	-9999
2000-10-31	-3.248919209888971
2000-11-01	-9999
2000-11-02	-9999
2000-11-03	-12.711740412006389
2000-11-04	-13.431315552436423
2000-11-05	-10.673235850275196
2000-11-06	-13.759629333437406
2000-11-07	-9999
2000-11-08	-9999
2000-11-09	-10.774206523676241
2000-11-10	-12.858105463785215
2000-11-11	-10.840282920240162
2000-11-12	-9999
2000-11-13	-9999
2000-11-14	-31.843137542343143
2000-11-15	-10.47171875
2000-11-16	-10.47171875
2000-11-17	-14.94775426182871
2000-11-18	-10.52089988093244
2000-11-19	-11.245354517476567
2000-11-20	-13.14260413771672
2000-11-21	-10.96833765302228
2000-11-22	-11.148650046541997
2000-11-23	-9999
2000-11-24	-13.505476152461682
2000-11-25	-12.94965569332822
2000-11-26	-17.86730828909147
2000-11-27	-11.607858134237016
2000-11-28	-14.695770040422058
2000-11-29	-9999
2000-11-30	-9999
2000-12-01	-9999
2000-12-02	-9999
2000-12-03	-10.47171875
2000-12-04	-9999
2000-12-05	-9999
2000-12-06	-9.969838108713057
2000-12-07	-9999
2000-12-08	-9999
2000-12-09	-9.090740407537483
2000-12-10	-7.550436540071324
2000-12-11	-9999
2000-12-12	-9999
2000-12-13	-9999
2000-12-14	-11.455079113304953
2000-12-15	-17.599232962225358
2000-12-16	-11.318583437145287
2000-12-17	-10.91533996652855
2000-12-18	-9999
2000-12-19	-10.667569301889642
2000-12-20	-9999
2000-12-21	-9999
2000-12-22	-9999
2000-12-23	-9999
2000-12-24	-9999
2000-12-25	-11.886377518263263
2000-12-26	-12.268384676940626
2000-12-27	-9999
2000-12-28	-10.660072083963977
2000-12-29	-10.717813372158744
2000-12-30	-10.47171875
2000-12-31	-9999
2001-01-01	-10.47171875
2001-01-02	-14.61252826197538
2001-01-03	-12.010131131477571
2001-01-04	-11.670092562251273
2001-01-05	-11.049506123764008
2001-01-06	-23.20444050516977
2001-01-07	-24.065771682725376
2001-01-08	-20.358302701073
2001-01-09	-9999
2001-01-10	-10.47171875
2001-01-11	-9999
2001-01-12	-10.500372707635718
2001-01-13	-9999
2001-01-14	-9999
2001-01-15	-9999
2001-01-16	-9999
2001-01-17	-9999
2001-01-18	-9999
2001-01-19	-9999
2001-01-20	-11.04479790271432
2001-01-21	-10.786912283992876
2001-01-22	-13.545715325159609
2001-01-23	-13.67914247889032
2001-01-24	-28.323134357051046
2001-01-25	-10.974189869742451
2001-01-26	-9999
2001-01-27	-10.764662894833275
2001-01-28	-9999
2001-01-29	-9999
2001-01-30	-10.517136446873376
2001-01-31	-9999
2001-02-01	-11.74341426245453
2001-02-02	-10.47171875
2001-02-03	-22.125142806093734
2001-02-04	-24.793432497404577
2001-02-05	-10.47171875
2001-02-06	-10.657802623706369
2001-02-07	-9999
2001-02-08	-9999
2001-02-09	-16.511138406395062
2001-02-10	-9999
2001-02-11	-9999
2001-02-12	-9999
2001-02-13	-9999
2001-02-14	-9999
2001-02-15	-9999
2001-02-16	-9999
2001-02-17	-13.388273759884765
2001-02-18	-9999
2001-02-19	-9999
2001-02-20	-9999
2001-02-21	-9999
2001-02-22	-11.966181460344783
2001-02-23	-13.380368403453705
2001-02-24	-10.707427798091873
2001-02-25	-9999
2001-02-26	-9999
2001-02-27	-9999
2001-02-28	-9999
2001-03-01	-11.371521204730145
2001-03-02	-12.2440824280451
2001-03-03	-16.105097653953436
2001-03-04	-28.85702450116604
2001-03-05	-13.285943358788101
2001-03-06	-9999
2001-03-07	-10.518230895275371
2001-03-08	-10.500013638375851
2001-03-09	-11.03451570783199
2001-03-10	-10.87224000098236
2001-03-11	-11.24149475430739
2001-03-12	-12.19628832049599
2001-03-13	-12.928593623767926
2001-03-14	-13.168260372339628
2001-03-15	-12.304542754616344
2001-03-16	-9999
2001-03-17	-12.14321021071258
2001-03-18	-11.511394397308083
2001-03-19	-11.620907243358943
2001-03-20	-13.753247499480073
2001-03-21	-10.0859673065153
2001-03-22	-10.139416252603148
2001-03-23	-10.284163737822956
2001-03-24	-10.340379452884765
2001-03-25	-9.525478923897246
2001-03-26	-10.22726600453505
2001-03-27	-10.437859689129871
2001-03-28	-10.216015122308775
2001-03-29	-10.149791636255495
2001-03-30	-9.552687097810743
2001-03-31	-9999
2001-04-01	-9999
2001-04-02	-9999
2001-04-03	-9999
2001-04-04	-10.738563158197188
2001-04-05	-10.475814501381633
2001-04-06	-10.63827930618634
2001-04-07	-11.140939703022902
2001-04-08	-10.510367749401212
2001-04-09	-11.032092007214095
2001-04-10	-12.143778223131402
2001-04-11	-10.956506777171263
2001-04-12	-10.47171875
2001-04-13	-10.491002912755182
2001-04-14	-10.682463775636663
2001-04-15	-12.38368996315241
2001-04-16	-12.18324637280894
2001-04-17	-10.47171875
2001-04-18	-10.717082545313229
2001-04-19	-11.09376343304896
2001-04-20	-10.891109621707722
2001-04-21	-12.565796627937047
2001-04-22	-11.229671388511555
2001-04-23	-9999
2001-04-24	-9999
2001-04-25	-10.952666306581147
2001-04-26	-11.16293703855532
2001-04-27	-10.47171875
2001-04-28	-10.582463253160133
2001-04-29	-9999
2001-04-30	-9999
2001-05-01	-9999
2001-05-02	-9999
2001-05-03	-9999
2001-05-04	-8.89672389885518
2001-05-05	-8.988114746676326
2001-05-06	-9.694873684378729
2001-05-07	-9.871666284941197
2001-05-08	-10.47171875
2001-05-09	-9999
2001-05-10	-9999
2001-05-11	-9999
2001-05-12	-9999
2001-05-13	-9999
2001-05-14	-10.47171875
2001-05-15	-5.070675085932618
2001-05-16	-10.47171875
2001-05-17	-10.111671348876271
2001-05-18	-9.932767889873098
2001-05-19	-9999
2001-05-20	-9999
2001-05-21	-9999
2001-05-22	-9999
2001-05-23	-9999
2001-05-24	-10.214151399497455
2001-05-25	-10.47171875
2001-05-26	-9999
2001-05-27	-9999
2001-05-28	-9999
2001-05-29	-9999
2001-05-30	-10.47171875
2001-05-31	-10.35145778531394
2001-06-01	-9999
2001-06-02	-10.092360684873805
2001-06-03	-9.62946742185888
2001-06-04	-9999
2001-06-05	-9999
2001-06-06	-9.753761852262567
2001-06-07	-10.47171875
2001-06-08	-9.58913276468262
2001-06-09	-9.465262909617632
2001-06-10	-8.3261272758923
2001-06-11	-10.47171875
2001-06-12	-9999
2001-06-13	-10.47171875
2001-06-14	-9999
2001-06-15	-9.321626765115354
2001-06-16	-7.058542536793953
2001-06-17	-5.804571275855211
2001-06-18	-6.3858005585388495
2001-06-19	-10.47171875
2001-06-20	-9999
2001-06-21	-9999
2001-06-22	-9999
2001-06-23	-9999
2001-06-24	-9999
2001-06-25	-9999
2001-06-26	-9999
2001-06-27	-10.47171875
2001-06-28	-7.377330561952412
2001-06-29	-9999
2001-06-30	-9999
2001-07-01	-9999
2001-07-02	-9999
2001-07-03	-9999
2001-07-04	-9999
2001-07-05	-9999
2001-07-06	-9999
2001-07-07	-1.2947341727020039
2001-07-08	-9.847640459973597
2001-07-09	-9999
2001-07-10	-10.47171875
2001-07-11	-10.47171875
2001-07-12	-9999
2001-07-13	13.638476962173328
2001-07-14	-10.47171875
2001-07-15	-10.463203244514455
2001-07-16	-10.471450094028473
2001-07-17	-10.47171875
2001-07-18	-10.466634075183068
2001-07-19	-9999
2001-07-20	-10.46093226305326
2001-07-21	-10.47171875
2001-07-22	-9999
2001-07-23	-10.47171875
2001-07-24	-9999
2001-07-25	-9999
2001-07-26	-9999
2001-07-27	-9999
2001-07-28	-9999
2001-07-29	-9999
2001-07-30	-9999
2001-07-31	-9999
2001-08-01	-9999
2001-08-02	-9999
2001-08-03	8.914644700196593
2001-08-04	6.830089490498036
2001-08-05	-10.47171875
2001-08-06	-10.47171875
2001-08-07	-8.899964121887288
2001-08-08	7.680588016055047
2001-08-09	-10.1180810709527
2001-08-10	-8.507064977514991
2001-08-11	-9999
2001-08-12	-9999
2001-08-13	-9999
2001-08-14	-9999
2001-08-15	-9999
2001-08-16	-4.842092667388408
2001-08-17	-4.363431566455696
2001-08-18	-9999
2001-08-19	-10.47171875
2001-08-20	21.24850943121253
2001-08-21	-10.47171875
2001-08-22	-9999
2001-08-23	-9999
2001-08-24	-9999
2001-08-25	-9999
2001-08-26	-9999
2001-08-27	-9999
2001-08-28	-9999
2001-08-29	-9999
2001-08-30	-21.853286940914547
2001-08-31	-13.61956058009806
2001-09-01	-16.61036721685789
2001-09-02	-9999
2001-09-03	-9999
2001-09-04	-44.24856124438551
2001-09-05	-21.584100067679493
2001-09-06	-10.45767059189322
2001-09-07	-10.441667907441145
2001-09-08	-9.663827500963425
2001-09-09	-10.44411106537276
2001-09-10	-10.47171875
2001-09-11	-9999
2001-09-12	-10.283595589265696
2001-09-13	-9999
2001-09-14	-8.968260437832818
2001-09-15	-10.47171875
2001-09-16	-8.163850688848793
2001-09-17	-8.51914693105381
2001-09-18	-10.47171875
2001-09-19	-10.47171875
2001-09-20	-10.171373193813192
2001-09-21	-9.981459721764319
2001-09-22	-8.981628430847307
2001-09-23	-10.368714832956545
2001-09-24	-10.237979092093695
2001-09-25	-9.943917765268816
2001-09-26	-9999
2001-09-27	-9999
2001-09-28	-9999
2001-09-29	-9999
2001-09-30	-9.821825934848246
2001-10-01	-10.47171875
2001-10-02	-9999
2001-10-03	-9999
2001-10-04	-10.528111399197158
2001-10-05	-9999
2001-10-06	-10.47171875
2001-10-07	-10.999273153211373
2001-10-08	-10.47171875
2001-10-09	-9999
2001-10-10	-9999
2001-10-11	-9999
2001-10-12	-9999
2001-10-13	-9999
2001-10-14	-9999
2001-10-15	-9999
2001-10-16	-9999
2001-10-17	-9999
2001-10-18	-9999
2001-10-19	-9999
2001-10-20	-10.47171875
2001-10-21	-9.229653883704417
2001-10-22	-10.196196120416392
2001-10-23	-8.632909489590201
2001-10-24	-7.179610607280518
2001-10-25	0.44694430092053317
2001-10-26	-9999
2001-10-27	-9999
2001-10-28	-9999
2001-10-29	-9999
2001-10-30	-9999
2001-10-31	-10.527556198711807
2001-11-01	-10.48275259435288
2001-11-02	-9999
2001-11-03	-9999
2001-11-04	-9999
2001-11-05	-9999
2001-11-06	-10.820057357965494
2001-11-07	-11.803717798508657
2001-11-08	-10.867415411700666
2001-11-09	-10.684336415085754
2001-11-10	-10.47171875
2001-11-11	-9999
2001-11-12	-9999
2001-11-13	-10.967826635200094
2001-11-14	-10.55444708094556
2001-11-15	-9999
2001-11-16	-9999
2001-11-17	-9999
2001-11-18	-9999
2001-11-19	-9999
2001-11-20	-9999
2001-11-21	-9999
2001-11-22	-14.36838914756447
2001-11-23	-11.440110583810888
2001-11-24	-10.978971615329513
2001-11-25	-12.159487374641834
2001-11-26	-11.281017639684814
2001-11-27	-13.50601316260745
2001-11-28	-10.637772933602719
2001-11-29	-10.631386234233384
2001-11-30	-12.694290130528696
2001-12-01	-10.752733522250756
2001-12-02	-10.487685498423339
2001-12-03	-10.490878848108007
2001-12-04	-11.93206949429537
2001-12-05	-11.851245813776432
2001-12-06	-11.287479087046464
2001-12-07	-9999
2001-12-08	-9999
2001-12-09	-9999
2001-12-10	-9999
2001-12-11	-9999
2001-12-12	-10.519618995270015
2001-12-13	-10.528552280805688
2001-12-14	-9999
2001-12-15	-9999
2001-12-16	-9999
2001-12-17	-9999
2001-12-18	-9999
2001-12-19	-9999
2001-12-20	-10.55290950829384
2001-12-21	-9999
2001-12-22	-11.506900918246444
2001-12-23	-10.717320793838864
2001-12-24	-9999
2001-12-25	-10.47171875
2001-12-26	-13.768063536729855
2001-12-27	-10.47171875
2001-12-28	-10.55711219328735
2001-12-29	-16.741703079043763
2001-12-30	-12.035032893086253
2001-12-31	-10.65888246131474
2002-01-01	-9999
2002-01-02	-9999
2002-01-03	-9999
2002-01-04	-9999
2002-01-05	-9999
2002-01-06	-9999
2002-01-07	-9999
2002-01-08	-9999
2002-01-09	-9999
2002-01-10	-9999
2002-01-11	-9999
2002-01-12	-10.347337635015167
2002-01-13	-9999
2002-01-14	-9999
2002-01-15	-9999
2002-01-16	-9999
2002-01-17	-9999
2002-01-18	-9999
2002-01-19	-7.873485969057483
2002-01-20	-9999
2002-01-21	-8.066497547070355
2002-01-22	-9999
2002-01-23	-10.47171875
2002-01-24	-10.508828473650768
2002-01-25	-10.47171875
2002-01-26	-10.530161616786806
2002-01-27	-11.07165928235408
2002-01-28	-9999
2002-01-29	-9999
2002-01-30	-9999
2002-01-31	-9999
2002-02-01	-10.47171875
2002-02-02	-9999
2002-02-03	-9999
2002-02-04	-9999
2002-02-05	-9999
2002-02-06	-11.448632225106463
2002-02-07	-10.632906083624066
2002-02-08	-12.24477941986472
2002-02-09	-11.076171251090246
2002-02-10	-11.825692352442148
2002-02-11	-9999
2002-02-12	-9999
2002-02-13	-9999
2002-02-14	-9999
2002-02-15	-9999
2002-02-16	-9999
2002-02-17	-9999
2002-02-18	-11.148705551221076
2002-02-19	-12.99462289588387
2002-02-20	-28.77157463607393
2002-02-21	-16.516243760902448
2002-02-22	-10.439031851948442
2002-02-23	-10.17239433151918
2002-02-24	-10.359994479523543
2002-02-25	-10.323960885982487
2002-02-26	-10.47171875
2002-02-27	-9.01447191400166
2002-02-28	-9.271840346081213
2002-03-01	-10.171532746154066
2002-03-02	-9.36130028445912
2002-03-03	-10.47171875
2002-03-04	-9999
2002-03-05	-9999
2002-03-06	-9999
2002-03-07	-9999
2002-03-08	-9999
2002-03-09	-9999
2002-03-10	-9999
2002-03-11	-9999
2002-03-12	-9999
2002-03-13	-9999
2002-03-14	-9999
2002-03-15	-9999
2002-03-16	-9999
2002-03-17	-9999
2002-03-18	-10.47171875
2002-03-19	30.804062500000022
2002-03-20	-9.206567615724008
2002-03-21	-9.219576736103889
2002-03-22	-6.0585986629802795
2002-03-23	-7.91390111436729
2002-03-24	-8.671707895694
2002-03-25	-9999
2002-03-26	-9999
2002-03-27	-9999
2002-03-28	-9999
2002-03-29	-9999
2002-03-30	-9999
2002-03-31	-9999
2002-04-01	-9999
2002-04-02	-9999
2002-04-03	-9999
2002-04-04	-9999
2002-04-05	-9999
2002-04-06	-9999
2002-04-07	-9999
2002-04-08	-10.680680238041779
2002-04-09	-9999
2002-04-10	-9999
2002-04-11	-9999
2002-04-12	-10.68454403033355
2002-04-13	-17.903712666409625
2002-04-14	-15.46908435931779
2002-04-15	-10.775754864762213
2002-04-16	-10.47171875
2002-04-17	-9999
2002-04-18	-9999
2002-04-19	-10.444596670406549
2002-04-20	-9.803771064325943
2002-04-21	-9999
2002-04-22	-9999
2002-04-23	-9999
2002-04-24	3.355223787838792
2002-04-25	-8.576364011351638
2002-04-26	-1.4044352780711034
2002-04-27	-10.47171875
2002-04-28	-9999
2002-04-29	-10.47171875
2002-04-30	-9999
2002-05-01	-9999
2002-05-02	-11.057065003868729
2002-05-03	-16.925238792545475
2002-05-04	-12.896173122190692
2002-05-05	-10.481181389358571
2002-05-06	-10.47171875
2002-05-07	-9999
2002-05-08	-9999
2002-05-09	-9999
2002-05-10	-10.47171875
2002-05-11	-10.47171875
2002-05-12	-27.708862605573074
2002-05-13	-10.47171875
2002-05-14	-10.47171875
2002-05-15	-9999
2002-05-16	-9999
2002-05-17	-9999
2002-05-18	-10.633514906071813
2002-05-19	-10.50977389781987
2002-05-20	-10.47171875
2002-05-21	-9999
2002-05-22	-9999
2002-05-23	-11.081984938674985
2002-05-24	-10.530098806314571
2002-05-25	-10.482282760190257
2002-05-26	-10.47171875
2002-05-27	-12.643827511926268
2002-05-28	-10.47171875
2002-05-29	-9999
2002-05-30	-9999
2002-05-31	-9999
2002-06-01	-9999
2002-06-02	-9999
2002-06-03	-8.90360423701984
2002-06-04	-10.47171875
2002-06-05	-9999
2002-06-06	-8.970890605213171
2002-06-07	-3.7128600873258737
2002-06-08	-10.47171875
2002-06-09	-3.2207572419797375
2002-06-10	-0.9877621754959858
2002-06-11	-9999
2002-06-12	-9999
2002-06-13	-9999
2002-06-14	-9999
2002-06-15	-9999
2002-06-16	-9999
2002-06-17	-9999
2002-06-18	-9999
2002-06-19	-10.47171875
2002-06-20	-10.47171875
2002-06-21	-10.47171875
2002-06-22	-10.47171875
2002-06-23	-9999
2002-06-24	49.54890625
2002-06-25	-9999
2002-06-26	-9999
2002-06-27	-10.45402853195356
2002-06-28	-8.016709601110424
2002-06-29	-9999
2002-06-30	-9999
2002-07-01	-10.47171875
2002-07-02	-9.333648055678893
2002-07-03	-10.47171875
2002-07-04	-7.09092152334662
2002-07-05	-9999
2002-07-06	0.9581276877845379
2002-07-07	-9999
2002-07-08	-9999
2002-07-09	-10.47171875
2002-07-10	-6.476363348413221
2002-07-11	-9999
2002-07-12	-9999
2002-07-13	16.828218855226048
2002-07-14	-10.283753000533428
2002-07-15	-10.251414807076815
2002-07-16	-9999
2002-07-17	-1.3927709370554737
2002-07-18	-10.47171875
2002-07-19	-9999
2002-07-20	-9999
2002-07-21	-8.280806143314367
2002-07-22	-9999
2002-07-23	-9999
2002-07-24	-9999
2002-07-25	-10.47171875
2002-07-26	-10.47171875
2002-07-27	-9999
2002-07-28	-9999
2002-07-29	-9999
2002-07-30	-10.47171875
2002-07-31	10.278778320555976
2002-08-01	-10.47171875
2002-08-02	-9999
2002-08-03	-8.08835970612067
2002-08-04	-10.47171875
2002-08-05	-10.47171875
2002-08-06	0.04560782068062963
2002-08-07	-10.515159765851998
2002-08-08	-9999
2002-08-09	-10.66639885807747
2002-08-10	-11.136409197242571
2002-08-11	-12.675054224797801
2002-08-12	-10.678750050609217
2002-08-13	-10.47171875
2002-08-14	-9999
2002-08-15	-9999
2002-08-16	-9999
2002-08-17	-9999
2002-08-18	-9999
2002-08-19	-9999
2002-08-20	-12.714204769948365
2002-08-21	-10.898084275954789
2002-08-22	-9999
2002-08-23	-9999
2002-08-24	-10.47171875
2002-08-25	-9999
2002-08-26	-9999
2002-08-27	-10.47171875
2002-08-28	-10.47171875
2002-08-29	-10.47171875
2002-08-30	-10.47171875
2002-08-31	13.086466905049864
2002-09-01	4.538390219296081
2002-09-02	-9999
2002-09-03	-9.044425211644782
2002-09-04	-8.489976567899102
2002-09-05	-10.47171875
2002-09-06	-10.47171875
2002-09-07	-10.47171875
2002-09-08	-10.47171875
2002-09-09	-9.30566084496256
2002-09-10	-5.860675736044929
2002-09-11	-10.47171875
2002-09-12	-9999
2002-09-13	-9999
2002-09-14	-9999
2002-09-15	-10.47171875
2002-09-16	-9999
2002-09-17	-9999
2002-09-18	-9999
2002-09-19	-11.057127150985014
2002-09-20	-11.986024392926534
2002-09-21	-10.645837517305143
2002-09-22	-11.553481716982871
2002-09-23	-17.555186783550077
2002-09-24	-18.180431447963993
2002-09-25	-11.265491914023308
2002-09-26	-11.331844355182271
2002-09-27	-10.875357710571011
2002-09-28	-10.47171875
2002-09-29	-9999
2002-09-30	-9999
2002-10-01	-9999
2002-10-02	-9999
2002-10-03	-9999
2002-10-04	-10.239576492459895
2002-10-05	-10.47171875
2002-10-06	-7.929570749396868
2002-10-07	-10.205325995445781
2002-10-08	-10.47171875
2002-10-09	-9999
2002-10-10	-10.47171875
2002-10-11	-10.24909051940826
2002-10-12	-9.965249039430738
2002-10-13	-10.226827696349085
2002-10-14	-5.128641215798208
2002-10-15	-8.861399285189803
2002-10-16	-10.050898115630698
2002-10-17	-10.654843915955187
2002-10-18	-10.605807065960521
2002-10-19	-10.649133462863485
2002-10-20	-9999
2002-10-21	-10.496201567326176
2002-10-22	-10.47171875
2002-10-23	-10.77366467988521
2002-10-24	-10.47171875
2002-10-25	-11.290196679236708
2002-10-26	-10.47171875
2002-10-27	-9999
2002-10-28	-10.47171875
2002-10-29	-9999
2002-10-30	-9999
2002-10-31	-9999
2002-11-01	-9999
2002-11-02	-11.675717420118536
2002-11-03	-11.2592425627891
2002-11-04	-11.460899603799785
2002-11-05	-10.955129593573686
2002-11-06	-9999
2002-11-07	-11.777182752332333
2002-11-08	-10.47171875
2002-11-09	-12.433036546007058
2002-11-10	-11.067545256898647
2002-11-11	-11.678759257379255
2002-11-12	-9999
2002-11-13	-9999
2002-11-14	-11.93949363272441
2002-11-15	-10.534912272505357
2002-11-16	-18.813263720707027
2002-11-17	-9999
2002-11-18	-13.503743959806995
2002-11-19	-18.64399987067643
2002-11-20	-9999
2002-11-21	-9999
2002-11-22	-21.214617575910566
2002-11-23	-9999
2002-11-24	-9999
2002-11-25	-17.91999168333257
2002-11-26	-21.235682083412357
2002-11-27	-13.157443456477642
2002-11-28	-10.533607793139469
2002-11-29	-12.053921168115455
2002-11-30	-10.700654791206418
2002-12-01	-9999
2002-12-02	-13.850348367011653
2002-12-03	-14.543626053573142
2002-12-04	-10.590426326921847
2002-12-05	-10.810883255490987
2002-12-06	-12.68476714832869
2002-12-07	-11.065256634609227
2002-12-08	-9999
2002-12-09	-9999
2002-12-10	-9999
2002-12-11	-9999
2002-12-12	-9999
2002-12-13	-10.485981446074398
2002-12-14	-9999
2002-12-15	-10.535718027256907
2002-12-16	-13.564310111115992
2002-12-17	-13.067273438431073
2002-12-18	-10.749658468372848
2002-12-19	-9999
2002-12-20	-10.771235367562321
2002-12-21	-12.548957920333624
2002-12-22	-14.289732776069126
2002-12-23	-10.47171875
2002-12-24	-10.497318460902763
2002-12-25	-9999
2002-12-26	-10.6472596247618
2002-12-27	-9999
2002-12-28	-10.566804818541838
2002-12-29	-10.560582623931632
2002-12-30	-10.516691488980648
2002-12-31	-10.760322796662328
2003-01-01	-10.496166269654
2003-01-02	-11.804146456998378
2003-01-03	-10.47171875
2003-01-04	-12.105344950583035
2003-01-05	-10.525204663554785
2003-01-06	-9999
2003-01-07	-10.741376897505367
2003-01-08	-9999
2003-01-09	-9999
2003-01-10	-9999
2003-01-11	-9999
2003-01-12	-9999
2003-01-13	-9.130973976480837
2003-01-14	-10.43704431620209
2003-01-15	-9999
2003-01-16	-10.009392966027875
2003-01-17	-9999
2003-01-18	-9999
2003-01-19	-10.47171875
2003-01-20	-10.47171875
2003-01-21	-9999
2003-01-22	-10.486453286636335
2003-01-23	-10.722296268747963
2003-01-24	-10.604299447750245
2003-01-25	-9999
2003-01-26	-10.498837529085279
2003-01-27	-10.629911627997451
2003-01-28	-10.983962354944127
2003-01-29	-10.823449314736047
2003-01-30	-10.7752984158713
2003-01-31	-10.687162383844148
2003-02-01	-9999
2003-02-02	-10.520683212237307
2003-02-03	-13.275951167301479
2003-02-04	-17.22809597190367
2003-02-05	-12.343018563646789
2003-02-06	-13.160481113818808
2003-02-07	-9999
2003-02-08	-9999
2003-02-09	-9999
2003-02-10	-9999
2003-02-11	-9999
2003-02-12	-9999
2003-02-13	-9999
2003-02-14	-9999
2003-02-15	-9999
2003-02-16	-9999
2003-02-17	-9999
2003-02-18	-9999
2003-02-19	-9999
2003-02-20	-9999
2003-02-21	-9999
2003-02-22	-9999
2003-02-23	-9999
2003-02-24	-9999
2003-02-25	-9999
2003-02-26	-9999
2003-02-27	-9999
2003-02-28	-9999
2003-03-01	-9999
2003-03-02	-43.85860823236822
2003-03-03	-23.829032496507367
2003-03-04	-9999
2003-03-05	-9999
2003-03-06	-10.623577073095824
2003-03-07	-10.47171875
2003-03-08	-10.47171875
2003-03-09	-9999
2003-03-10	-9999
2003-03-11	-9999
2003-03-12	-11.210535457616707
2003-03-13	-9999
2003-03-14	-9999
2003-03-15	-9999
2003-03-16	-9999
2003-03-17	-9999
2003-03-18	-9999
2003-03-19	-9999
2003-03-20	-9999
2003-03-21	-9999
2003-03-22	-9999
2003-03-23	-9999
2003-03-24	-9999
2003-03-25	-9999
2003-03-26	-9999
2003-03-27	-9999
2003-03-28	-9999
2003-03-29	-9999
2003-03-30	-10.47171875
2003-03-31	9.948906250000014
2003-04-01	-9999
2003-04-02	-12.137467238332484
2003-04-03	-11.530517027550673
2003-04-04	-10.47171875
2003-04-05	-10.47171875
2003-04-06	-9999
2003-04-07	-11.641934641670925
2003-04-08	-9999
2003-04-09	-13.726436855944474
2003-04-10	-14.443039649335718
2003-04-11	-10.47171875
2003-04-12	-10.47171875
2003-04-13	-9999
2003-04-14	-9999
2003-04-15	-9999
2003-04-16	-9999
2003-04-17	-9999
2003-04-18	-9999
2003-04-19	-9999
2003-04-20	-9999
2003-04-21	-4.223347072739088
2003-04-22	-9999
2003-04-23	-9999
2003-04-24	-9999
2003-04-25	-9999
2003-04-26	-4.085394484975437
2003-04-27	-10.47171875
2003-04-28	-9999
2003-04-29	-10.47171875
2003-04-30	-4.32549069091303
2003-05-01	-9999
2003-05-02	-9.516780107392494
2003-05-03	-8.132448364798716
2003-05-04	-9999
2003-05-05	-9999
2003-05-06	-9999
2003-05-07	-9999
2003-05-08	-8.738340469073824
2003-05-09	-9.59449235554952
2003-05-10	-3.8134913867159392
2003-05-11	-5.958481151524663
2003-05-12	-9.215151212003365
2003-05-13	-0.20705693747694554
2003-05-14	-4.312693794368691
2003-05-15	-10.47171875
2003-05-16	-9999
2003-05-17	-10.47171875
2003-05-18	-10.123300436007288
2003-05-19	-2.1120987857998212
2003-05-20	-4.379237398377414
2003-05-21	-5.949539382969573
2003-05-22	-6.9165615090743495
2003-05-23	-10.47171875
2003-05-24	-9999
2003-05-25	-8.626392124038592
2003-05-26	-8.276683371845905
2003-05-27	-3.111381866903927
2003-05-28	-9999
2003-05-29	-9.881802555321391
2003-05-30	-10.47171875
2003-05-31	-10.47171875
2003-06-01	-9999
2003-06-02	-9999
2003-06-03	-9999
2003-06-04	-9999
2003-06-05	20.90058630795575
2003-06-06	-8.095199222866176
2003-06-07	-9999
2003-06-08	-10.47171875
2003-06-09	-3.797238375922025
2003-06-10	-9999
2003-06-11	-9999
2003-06-12	-2.2630703931135017
2003-06-13	-6.985020819313595
2003-06-14	-9999
2003-06-15	-10.47171875
2003-06-16	-9999
2003-06-17	0.1344147459623155
2003-06-18	-10.47171875
2003-06-19	-9999
2003-06-20	-9999
2003-06-21	-9999
2003-06-22	-9999
2003-06-23	-9999
2003-06-24	-9999
2003-06-25	-9999
2003-06-26	-10.47171875
2003-06-27	-9999
2003-06-28	-9999
2003-06-29	-9999
2003-06-30	-9999
2003-07-01	6.540425088028179
2003-07-02	-9999
2003-07-03	-5.753021919014084
2003-07-04	-4.5629996919014095
2003-07-05	-9999
2003-07-06	-9999
2003-07-07	-9999
2003-07-08	-9999
2003-07-09	-9999
2003-07-10	-10.47171875
2003-07-11	-9999
2003-07-12	-9999
2003-07-13	-9999
2003-07-14	-9999
2003-07-15	-9999
2003-07-16	-7.002475792253521
2003-07-17	9.32363776408451
2003-07-18	-9999
2003-07-19	-9999
2003-07-20	-10.47171875
2003-07-21	-3.211923415492958
2003-07-22	-4.697136883802815
2003-07-23	-10.348138204225354
2003-07-24	-7.938158234218808
2003-07-25	-9999
2003-07-26	-9999
2003-07-27	-4.363434491854869
2003-07-28	-9.391131915841356
2003-07-29	-9999
2003-07-30	-9999
2003-07-31	-3.6319603271936307
2003-08-01	-9999
2003-08-02	-9999
2003-08-03	-9999
2003-08-04	-9999
2003-08-05	-9999
2003-08-06	-9999
2003-08-07	-9999
2003-08-08	-9999
2003-08-09	-9999
2003-08-10	-9999
2003-08-11	-9999
2003-08-12	-9999
2003-08-13	-9999
2003-08-14	-10.47171875
2003-08-15	-3.786554671843687
2003-08-16	-9999
2003-08-17	-10.47171875
2003-08-18	32.165086892535086
2003-08-19	-9999
2003-08-20	-9999
2003-08-21	-9999
2003-08-22	-9999
2003-08-23	-9999
2003-08-24	-9999
2003-08-25	-9999
2003-08-26	-9999
2003-08-27	-9999
2003-08-28	-10.47171875
2003-08-29	-3.670875577572417
2003-08-30	0.5328143604496205
2003-08-31	12.140059423316163
2003-09-01	-10.47171875
2003-09-02	-9999
2003-09-03	-9999
2003-09-04	-9999
2003-09-05	-9999
2003-09-06	-9999
2003-09-07	-10.47171875
2003-09-08	-8.682886192124377
2003-09-09	-10.47171875
2003-09-10	-10.380568046413982
2003-09-11	5.567956621652296
2003-09-12	-9999
2003-09-13	-10.47171875
2003-09-14	-9999
2003-09-15	-9999
2003-09-16	-9999
2003-09-17	-9999
2003-09-18	-9999
2003-09-19	-9999
2003-09-20	-9999
2003-09-21	-9999
2003-09-22	-9999
2003-09-23	-1.6105518904222915
2003-09-24	-10.47171875
2003-09-25	-9999
2003-09-26	-9999
2003-09-27	-9999
2003-09-28	-2.8119666319865386
2003-09-29	-7.289345733255534
2003-09-30	-9999
2003-10-01	-8.180811212086288
2003-10-02	-9999
2003-10-03	-10.317822170582351
2003-10-04	-9.838383504035264
2003-10-05	-9.566377384197942
2003-10-06	-10.302074613618686
2003-10-07	-8.703983901024063
2003-10-08	-10.418105476519155
2003-10-09	-9.502814517908233
2003-10-10	-9999
2003-10-11	-9999
2003-10-12	-9999
2003-10-13	-9999
2003-10-14	-10.47171875
2003-10-15	-9999
2003-10-16	-9999
2003-10-17	-9999
2003-10-18	-9999
2003-10-19	-9999
2003-10-20	-14.779276583165867
2003-10-21	-28.60451285869168
2003-10-22	-9999
2003-10-23	-33.85421004324019
2003-10-24	-16.518152032368704
2003-10-25	-9999
2003-10-26	-9999
2003-10-27	-9999
2003-10-28	-9999
2003-10-29	-12.385909746987668
2003-10-30	-10.682891047899405
2003-10-31	-10.47171875
2003-11-01	-25.675720041249207
2003-11-02	-12.99025152058136
2003-11-03	-15.894502112804334
2003-11-04	-9999
2003-11-05	-9999
2003-11-06	-9999
2003-11-07	-9999
2003-11-08	-9999
2003-11-09	-9999
2003-11-10	-9999
2003-11-11	-9999
2003-11-12	-9999
2003-11-13	-22.747997733302554
2003-11-14	-10.47171875
2003-11-15	-10.681283512442237
2003-11-16	-10.64879477412279
2003-11-17	-21.720212776482306
2003-11-18	-10.934398064570692
2003-11-19	-9999
2003-11-20	-9999
2003-11-21	-9999
2003-11-22	-9999
2003-11-23	-9999
2003-11-24	-9999
2003-11-25	-9999
2003-11-26	-9999
2003-11-27	-16.14701651780799
2003-11-28	-31.450588616784103
2003-11-29	-14.0073184967797
2003-11-30	-9999
2003-12-01	-9999
2003-12-02	-9999
2003-12-03	-9999
2003-12-04	-9999
2003-12-05	-9999
2003-12-06	-16.287853686144445
2003-12-07	-9999
2003-12-08	-9999
2003-12-09	-9999
2003-12-10	-9999
2003-12-11	-9999
2003-12-12	-10.44453633299911
2003-12-13	-9999
2003-12-14	-9.610389637518228
2003-12-15	-10.354120511388956
2003-12-16	-10.47171875
2003-12-17	-9999
2003-12-18	-9999
2003-12-19	-9999
2003-12-20	-10.379958367515394
2003-12-21	-9.096250870376556
2003-12-22	-9.811034235233349
2003-12-23	-9999
2003-12-24	-9999
2003-12-25	-9999
2003-12-26	-9999
2003-12-27	-9999
2003-12-28	-22.814739635285
2003-12-29	-14.637110451205567
2003-12-30	-10.824376489579572
2003-12-31	-34.65396374974203
2004-01-01	-20.26598139198927
2004-01-02	-22.56284124987102
2004-01-03	-9999
2004-01-04	-10.47171875
2004-01-05	-12.947376081848592
2004-01-06	-11.374522563323703
2004-01-07	-10.478657044573378
2004-01-08	-10.626605508130071
2004-01-09	-10.900770874791535
2004-01-10	-10.720157110040635
2004-01-11	-10.792836140816046
2004-01-12	-11.911876373296007
2004-01-13	-13.193742890737326
2004-01-14	-10.78971074730378
2004-01-15	-10.777541073450701
2004-01-16	-11.064397671416087
2004-01-17	-12.294388188223701
2004-01-18	-11.334659259581823
2004-01-19	-10.580408161802092
2004-01-20	-12.385455280095687
2004-01-21	-10.737170118444155
2004-01-22	-9999
2004-01-23	-9999
2004-01-24	-14.226649016355491
2004-01-25	-12.522933869795738
2004-01-26	-14.166512215431599
2004-01-27	-18.073280664537144
2004-01-28	-15.182273942754446
2004-01-29	-15.901405831812244
2004-01-30	-10.47171875
2004-01-31	-9999
2004-02-01	-9999
2004-02-02	-9999
2004-02-03	-9999
2004-02-04	-9999
2004-02-05	-9999
2004-02-06	-9999
2004-02-07	-7.767128599505442
2004-02-08	-7.958138399820966
2004-02-09	-8.798746393847273
2004-02-10	-9999
2004-02-11	-5.719507419479206
2004-02-12	-9999
2004-02-13	-9999
2004-02-14	-9999
2004-02-15	-9999
2004-02-16	-9999
2004-02-17	-9999
2004-02-18	-11.030062136861861
2004-02-19	-9999
2004-02-20	-9999
2004-02-21	-9999
2004-02-22	-13.761369022968927
2004-02-23	-40.10522426954343
2004-02-24	-10.47171875
2004-02-25	-9999
2004-02-26	-10.846364641273787
2004-02-27	-9999
2004-02-28	-9999
2004-02-29	-9999
2004-03-01	-9999
2004-03-02	-9999
2004-03-03	-9999
2004-03-04	-9999
2004-03-05	-12.174654619426306
2004-03-06	-18.151959521112634
2004-03-07	-13.806952708988808
2004-03-08	-29.51054177018609
2004-03-09	-10.47171875
2004-03-10	-10.506182019106456
2004-03-11	-10.607056143118445
2004-03-12	-9999
2004-03-13	-9999
2004-03-14	-10.524468489223695
2004-03-15	-9999
2004-03-16	-9999
2004-03-17	-9999
2004-03-18	-9999
2004-03-19	-9999
2004-03-20	-10.780606447235037
2004-03-21	-11.134075873967914
2004-03-22	-12.188115335666852
2004-03-23	-13.85276527102371
2004-03-24	-17.710942444649305
2004-03-25	-10.273697580676586
2004-03-26	-10.446516055722475
2004-03-27	-9999
2004-03-28	-9999
2004-03-29	-9999
2004-03-30	-9999
2004-03-31	-9999
2004-04-01	-9999
2004-04-02	-9999
2004-04-03	-10.47171875
2004-04-04	-10.47171875
2004-04-05	-8.726252152036523
2004-04-06	-5.0764825758103616
2004-04-07	-7.523003519529523
2004-04-08	-10.475800204195998
2004-04-09	-10.47171875
2004-04-10	-12.517612245715538
2004-04-11	-10.756655916857838
2004-04-12	-9999
2004-04-13	-9999
2004-04-14	-9999
2004-04-15	-9999
2004-04-16	-9999
2004-04-17	-9999
2004-04-18	-13.784929605561551
2004-04-19	-14.309318973781568
2004-04-20	-9999
2004-04-21	-9999
2004-04-22	-9999
2004-04-23	-10.47171875
2004-04-24	-10.47171875
2004-04-25	-9999
2004-04-26	-9999
2004-04-27	-9999
2004-04-28	-9999
2004-04-29	-9999
2004-04-30	-9999
2004-05-01	-9999
2004-05-02	-10.47171875
2004-05-03	-9999
2004-05-04	-10.329758154376014
2004-05-05	-7.148038138168548
2004-05-06	-11.746495563319318
2004-05-07	-11.59428340650507
2004-05-08	-11.261319313473907
2004-05-09	-22.395004367116
2004-05-10	-9999
2004-05-11	-9999
2004-05-12	-10.80912236427158
2004-05-13	-10.47171875
2004-05-14	-9999
2004-05-15	-9999
2004-05-16	-9999
2004-05-17	-9999
2004-05-18	-9999
2004-05-19	-9999
2004-05-20	-9999
2004-05-21	-8.962604519788584
2004-05-22	-9.280247727949382
2004-05-23	-9999
2004-05-24	-9999
2004-05-25	-9999
2004-05-26	-9999
2004-05-27	-9.262944206882256
2004-05-28	-10.185386675198764
2004-05-29	-9999
2004-05-30	-9999
2004-05-31	-6.179030344522825
2004-06-01	-7.259031671870429
2004-06-02	-4.498914067365546
2004-06-03	-11.322284130107908
2004-06-04	-10.540938080444013
2004-06-05	-10.667548121572617
2004-06-06	-9999
2004-06-07	-9999
2004-06-08	-9999
2004-06-09	-9999
2004-06-10	-9999
2004-06-11	-12.106039713426501
2004-06-12	-10.5571476704847
2004-06-13	-11.136750038696269
2004-06-14	-9999
2004-06-15	-9999
2004-06-16	-10.993054213470725
2004-06-17	-9999
2004-06-18	-10.47171875
2004-06-19	-0.023442769428152488
2004-06-20	-10.47171875
2004-06-21	-9999
2004-06-22	-10.47171875
2004-06-23	2.681001878665695
2004-06-24	-10.47171875
2004-06-25	-10.47171875
2004-06-26	-9999
2004-06-27	-10.47171875
2004-06-28	-10.47171875
2004-06-29	-9999
2004-06-30	-9999
2004-07-01	-10.47171875
2004-07-02	-8.944065606876554
2004-07-03	-9999
2004-07-04	-9999
2004-07-05	-7.851688975766363
2004-07-06	-3.0399303541839275
2004-07-07	-10.47171875
2004-07-08	-0.8914501346313166
2004-07-09	-10.47171875
2004-07-10	-8.860358585335542
2004-07-11	-4.076502304266778
2004-07-12	-1.8205980737365355
2004-07-13	-1.5848232963960207
2004-07-14	-9999
2004-07-15	-9999
2004-07-16	-9999
2004-07-17	-10.213385952010753
2004-07-18	-10.47171875
2004-07-19	-10.47171875
2004-07-20	-10.47171875
2004-07-21	-10.47171875
2004-07-22	-6.480477021066127
2004-07-23	1.4546454238369364
2004-07-24	29.79958737894532
2004-07-25	-9999
2004-07-26	-10.47171875
2004-07-27	-9999
2004-07-28	-9999
2004-07-29	-9999
2004-07-30	-9999
2004-07-31	-9999
2004-08-01	-9999
2004-08-02	-9999
2004-08-03	-9999
2004-08-04	-10.47171875
2004-08-05	-3.4527777893595726
2004-08-06	-9.82835656062375
2004-08-07	-1.6430543278852543
2004-08-08	-9999
2004-08-09	-9999
2004-08-10	-9999
2004-08-11	-10.47171875
2004-08-12	-7.696303326218885
2004-08-13	-10.47171875
2004-08-14	-9.396760279520675
2004-08-15	-9999
2004-08-16	-10.47171875
2004-08-17	-10.47171875
2004-08-18	-10.47171875
2004-08-19	-5.946218499279983
2004-08-20	-2.8215352100905156
2004-08-21	-5.198054894826166
2004-08-22	-10.47171875
2004-08-23	-9999
2004-08-24	2.821060384951661
2004-08-25	-7.494046331773298
2004-08-26	-9.894521931094385
2004-08-27	-9999
2004-08-28	-9999
2004-08-29	-4.093631025622467
2004-08-30	-10.47171875
2004-08-31	-9999
2004-09-01	-9999
2004-09-02	-9999
2004-09-03	-10.47171875
2004-09-04	-10.47171875
2004-09-05	-9999
2004-09-06	-9999
2004-09-07	-9999
2004-09-08	-9999
2004-09-09	-9999
2004-09-10	-9999
2004-09-11	-10.47171875
2004-09-12	1.260686561592415
2004-09-13	-9999
2004-09-14	-8.569211249589019
2004-09-15	1.9990111209004606
2004-09-16	-10.47171875
2004-09-17	-9999
2004-09-18	-9999
2004-09-19	-10.47171875
2004-09-20	-9999
2004-09-21	-9999
2004-09-22	-10.47171875
2004-09-23	-1.9472142828482752
2004-09-24	2.513024576857749
2004-09-25	-2.7170017002594706
2004-09-26	-6.974436740985449
2004-09-27	-9999
2004-09-28	-9999
2004-09-29	-10.47171875
2004-09-30	-10.47171875
2004-10-01	-10.47171875
2004-10-02	-9999
2004-10-03	-9999
2004-10-04	-9999
2004-10-05	-9999
2004-10-06	-10.47171875
2004-10-07	-10.47171875
2004-10-08	-2.6291642243518156
2004-10-09	-3.7522085358903965
2004-10-10	3.0750873418310416
2004-10-11	-10.163081387234834
2004-10-12	-10.41632230027292
2004-10-13	-9999
2004-10-14	-10.47171875
2004-10-15	-9.960179239502205
2004-10-16	-10.207833693741815
2004-10-17	-10.109507888961163
2004-10-18	-10.47171875
2004-10-19	-9.0199124358157
2004-10-20	-10.47171875
2004-10-21	-8.193123554237884
2004-10-22	-9999
2004-10-23	-9999
2004-10-24	-9999
2004-10-25	-9999
2004-10-26	-6.800722784133981
2004-10-27	-10.465773051300156
2004-10-28	-10.470744341108372
2004-10-29	-9999
2004-10-30	-9999
2004-10-31	-9999
2004-11-01	-10.463382140593845
2004-11-02	-9999
2004-11-03	-9999
2004-11-04	-10.46935986847485
2004-11-05	-10.15142693839987
2004-11-06	-9999
2004-11-07	-10.117250448756453
2004-11-08	-9999
2004-11-09	-9999
2004-11-10	-10.440727133863481
2004-11-11	-9999
2004-11-12	-9999
2004-11-13	-9.929423801789655
2004-11-14	-10.393568161620497
2004-11-15	-9999
2004-11-16	-9999
2004-11-17	-9999
2004-11-18	-9999
2004-11-19	-5.884128922530024
2004-11-20	-10.221236094937485
2004-11-21	-9999
2004-11-22	-8.823542879688647
2004-11-23	-9.01833489110893
2004-11-24	-9.946874093425675
2004-11-25	-9999
2004-11-26	-7.2365425153018155
2004-11-27	-4.849963196496412
2004-11-28	-9999
2004-11-29	-9999
2004-11-30	-9999
2004-12-01	-9999
2004-12-02	-8.230021831468974
2004-12-03	-9999
2004-12-04	-9999
2004-12-05	-9999
2004-12-06	-9999
2004-12-07	-9999
2004-12-08	-9999
2004-12-09	-9999
2004-12-10	-9999
2004-12-11	-9999
2004-12-12	-9999
2004-12-13	-9999
2004-12-14	-9999
2004-12-15	-9999
2004-12-16	-9999
2004-12-17	-17.541494732596792
2004-12-18	-11.08443151264799
2004-12-19	-33.150413042850275
2004-12-20	-9999
2004-12-21	-9999
2004-12-22	-9999
2004-12-23	-10.47171875
2004-12-24	-9999
2004-12-25	-10.540790163606376
2004-12-26	-10.962951466930306
2004-12-27	-10.724157785089186
2004-12-28	-10.759147199887872
2004-12-29	-10.598756988739478
2004-12-30	-9999
2004-12-31	-9999
2005-01-01	-10.47171875
2005-01-02	-11.967904442943729
2005-01-03	-10.59041694883426
2005-01-04	-9999
2005-01-05	-9999
2005-01-06	-7.109363480467718
2005-01-07	-9999
2005-01-08	-9999
2005-01-09	-9999
2005-01-10	-9999
2005-01-11	-9999
2005-01-12	-6.189551197921253
2005-01-13	-7.130716680062539
2005-01-14	-9999
2005-01-15	-9999
2005-01-16	-9999
2005-01-17	-9999
2005-01-18	-10.069065286909257
2005-01-19	-10.330864009773064
2005-01-20	-8.183843252155494
2005-01-21	-5.163005302147149
2005-01-22	-10.388623699747962
2005-01-23	-10.401667403481888
2005-01-24	-7.321750598754289
2005-01-25	-8.104619395639231
2005-01-26	-9999
2005-01-27	-9999
2005-01-28	-9999
2005-01-29	-9999
2005-01-30	-9999
2005-01-31	-9999
2005-02-01	-10.101859475881131
2005-02-02	-10.569216509138817
2005-02-03	-10.473668705182778
2005-02-04	-9999
2005-02-05	-9999
2005-02-06	-9999
2005-02-07	-9999
2005-02-08	-9999
2005-02-09	-9999
2005-02-10	-10.505564400672476
2005-02-11	-12.595777074095643
2005-02-12	-20.388898316322994
2005-02-13	-11.591550154965836
2005-02-14	-11.051134004310681
2005-02-15	-14.030386958566801
2005-02-16	-13.465492051728349
2005-02-17	-10.715303032276989
2005-02-18	-10.47171875
2005-02-19	-11.696444191616143
2005-02-20	-12.35643512404262
2005-02-21	-20.473643189865165
2005-02-22	-19.044796841312994
2005-02-23	-10.525878830640359
2005-02-24	-9999
2005-02-25	-9999
2005-02-26	-9999
2005-02-27	-32.92501851296261
2005-02-28	-9999
2005-03-01	-9999
2005-03-02	-9999
2005-03-03	-9999
2005-03-04	-9999
2005-03-05	-12.661709244500774
2005-03-06	-15.961294922881937
2005-03-07	-9999
2005-03-08	-12.574109624720741
2005-03-09	-16.399293021782093
2005-03-10	-11.172515708240248
2005-03-11	-9999
2005-03-12	-10.47171875
2005-03-13	-10.593774220226845
2005-03-14	-9999
2005-03-15	-9999
2005-03-16	-9999
2005-03-17	-9999
2005-03-18	-9999
2005-03-19	-9999
2005-03-20	-10.47171875
2005-03-21	-9999
2005-03-22	-10.47171875
2005-03-23	-10.47171875
2005-03-24	-10.992363691241367
2005-03-25	-11.63830907477319
2005-03-26	-10.47171875
2005-03-27	-11.195150575149974
2005-03-28	-9999
2005-03-29	-10.47171875
2005-03-30	-14.501100128242058
2005-03-31	-10.502369983167798
2005-04-01	-10.47171875
2005-04-02	-9999
2005-04-03	-9999
2005-04-04	-9999
2005-04-05	-9999
2005-04-06	-9999
2005-04-07	-13.184142945396811
2005-04-08	-16.725829955949763
2005-04-09	-21.80847622302072
2005-04-10	-10.47171875
2005-04-11	-9999
2005-04-12	-9999
2005-04-13	-9999
2005-04-14	-9999
2005-04-15	-10.558282210235909
2005-04-16	-10.662913076967556
2005-04-17	-10.843930193947005
2005-04-18	-11.141356297082535
2005-04-19	-11.22128741822507
2005-04-20	-11.795899555193946
2005-04-21	-10.47171875
2005-04-22	-9999
2005-04-23	-11.050104459211656
2005-04-24	-10.765599982240799
2005-04-25	-11.575865988237627
2005-04-26	-9999
2005-04-27	-9.964515935283144
2005-04-28	-9999
2005-04-29	-9999
2005-04-30	-9999
2005-05-01	-9999
2005-05-02	-9999
2005-05-03	-3.951230493200618
2005-05-04	-9.603082277577997
2005-05-05	-7.243345139945752
2005-05-06	-6.7879264226232845
2005-05-07	0.021374669389286893
2005-05-08	-10.47171875
2005-05-09	-8.96874906416456
2005-05-10	-7.142238667953313
2005-05-11	-10.47171875
2005-05-12	-9999
2005-05-13	-9999
2005-05-14	-10.47171875
2005-05-15	-10.47171875
2005-05-16	-9.195865733324066
2005-05-17	-9999
2005-05-18	-10.343397078622212
2005-05-19	-9999
2005-05-20	-9999
2005-05-21	-9.333150348824317
2005-05-22	-6.769581244290386
2005-05-23	-6.178098540283395
2005-05-24	-9999
2005-05-25	-9999
2005-05-26	-9999
2005-05-27	-9999
2005-05-28	-9999
2005-05-29	-9999
2005-05-30	-8.367853021486034
2005-05-31	-10.47171875
2005-06-01	-9999
2005-06-02	-9999
2005-06-03	0.5630569960557494
2005-06-04	-0.25284843178357264
2005-06-05	-9999
2005-06-06	-7.081556089652997
2005-06-07	-5.998374244747182
2005-06-08	-9999
2005-06-09	-9999
2005-06-10	-9999
2005-06-11	-9999
2005-06-12	-10.47171875
2005-06-13	20.67682361949574
2005-06-14	-7.4596570933948865
2005-06-15	-10.47171875
2005-06-16	-9999
2005-06-17	-9999
2005-06-18	-9999
2005-06-19	-9999
2005-06-20	-9999
2005-06-21	-9999
2005-06-22	-9999
2005-06-23	-9999
2005-06-24	-10.410130299013401
2005-06-25	-10.47171875
2005-06-26	-9999
2005-06-27	-9999
2005-06-28	-9999
2005-06-29	-10.47171875
2005-06-30	-5.3707458682863765
2005-07-01	-2.5893027362298175
2005-07-02	-9999
2005-07-03	-9999
2005-07-04	0.5761625019784784
2005-07-05	2.974489240397805
2005-07-06	0.6232595527329394
2005-07-07	-9.969691039644013
2005-07-08	-9.91866075040453
2005-07-09	-9999
2005-07-10	-8.320171419902913
2005-07-11	-5.689353130056634
2005-07-12	-10.47171875
2005-07-13	-9999
2005-07-14	-9999
2005-07-15	-9999
2005-07-16	-10.47171875
2005-07-17	-9999
2005-07-18	-10.281389563106798
2005-07-19	15.176518380865701
2005-07-20	-9999
2005-07-21	-9.658860883486325
2005-07-22	-9999
2005-07-23	-9999
2005-07-24	-9.432833048410846
2005-07-25	-6.592744164201575
2005-07-26	-10.47171875
2005-07-27	-9999
2005-07-28	-9999
2005-07-29	-5.789713594865094
2005-07-30	-10.47171875
2005-07-31	-10.47171875
2005-08-01	-10.47171875
2005-08-02	24.86527643975672
2005-08-03	5.109460924442207
2005-08-04	-10.47171875
2005-08-05	-10.47171875
2005-08-06	-9.897458025774444
2005-08-07	-7.264565434414325
2005-08-08	-10.47171875
2005-08-09	-9999
2005-08-10	-9999
2005-08-11	-9999
2005-08-12	-10.47171875
2005-08-13	-9.725884030130688
2005-08-14	-4.316821757018388
2005-08-15	-7.986456619070667
2005-08-16	-10.247008031824782
2005-08-17	-9999
2005-08-18	-10.47171875
2005-08-19	-10.428720385361846
2005-08-20	-9.685781004122008
2005-08-21	-8.092336753405139
2005-08-22	-5.326943548052211
2005-08-23	-10.47171875
2005-08-24	-10.365962254449846
2005-08-25	-10.162631476426311
2005-08-26	-10.47171875
2005-08-27	-9999
2005-08-28	-10.47171875
2005-08-29	-9999
2005-08-30	-9999
2005-08-31	-9999
2005-09-01	-9999
2005-09-02	-9999
2005-09-03	-9999
2005-09-04	-9999
2005-09-05	-9999
2005-09-06	-9999
2005-09-07	-9999
2005-09-08	-9999
2005-09-09	-9.379745729229374
2005-09-10	-10.47171875
2005-09-11	-10.201461374924744
2005-09-12	-9999
2005-09-13	-9999
2005-09-14	-9999
2005-09-15	-9999
2005-09-16	-10.62646997612287
2005-09-17	-11.404435660815691
2005-09-18	-9999
2005-09-19	-9999
2005-09-20	-9999
2005-09-21	-9999
2005-09-22	-9999
2005-09-23	-9999
2005-09-24	-9999
2005-09-25	-9999
2005-09-26	-9999
2005-09-27	-9999
2005-09-28	-10.47171875
2005-09-29	-10.455824835963824
2005-09-30	-10.47171875
2005-10-01	-10.443679370234085
2005-10-02	-10.404209689217945
2005-10-03	-10.401435344254299
2005-10-04	-10.460895105515164
2005-10-05	-9999
2005-10-06	-9999
2005-10-07	-9999
2005-10-08	-9999
2005-10-09	-9999
2005-10-10	-9999
2005-10-11	-10.47171875
2005-10-12	-9999
2005-10-13	-9999
2005-10-14	-9999
2005-10-15	-10.47171875
2005-10-16	-10.47171875
2005-10-17	-10.436427176682445
2005-10-18	-9999
2005-10-19	-10.47171875
2005-10-20	-9999
2005-10-21	-9999
2005-10-22	-9999
2005-10-23	1.1295460387013847
2005-10-24	-9999
2005-10-25	-9999
2005-10-26	-9999
2005-10-27	-9999
2005-10-28	-9999
2005-10-29	-9999
2005-10-30	-9999
2005-10-31	-9999
2005-11-01	-9999
2005-11-02	-9999
2005-11-03	-10.47171875
2005-11-04	-10.47171875
2005-11-05	-26.954531249999985
2005-11-06	-9999
2005-11-07	-9999
2005-11-08	-9999
2005-11-09	-9999
2005-11-10	-9999
2005-11-11	-9999
2005-11-12	-9999
2005-11-13	-9999
2005-11-14	-9999
2005-11-15	-9999
2005-11-16	-1.670357297728291
2005-11-17	-9.5534798847359
2005-11-18	-9999
2005-11-19	-10.47171875
2005-11-20	-9999
2005-11-21	1.163499748209487
2005-11-22	-9999
2005-11-23	-10.47171875
2005-11-24	-9999
2005-11-25	-14.247860750066616
2005-11-26	-9999
2005-11-27	-10.694255575729022
2005-11-28	-12.939345802061187
2005-11-29	-9999
2005-11-30	-9999
2005-12-01	-9999
2005-12-02	-9999
2005-12-03	-12.852640565931033
2005-12-04	-21.55800500151966
2005-12-05	-49.371695563044376
2005-12-06	-13.376562411526656
2005-12-07	-10.437736483314387
2005-12-08	-10.383364856617403
2005-12-09	-10.053940763367054
2005-12-10	-9999
2005-12-11	-9999
2005-12-12	-9999
2005-12-13	-9999
2005-12-14	-9999
2005-12-15	-9999
2005-12-16	-2.5613267109226117
2005-12-17	-9.377217904589724
2005-12-18	-10.402802713161574
2005-12-19	-9.717485739139452
2005-12-20	-9999
2005-12-21	-9999
2005-12-22	-9999
2005-12-23	-10.5962613484309
2005-12-24	-9999
2005-12-25	-10.500368991184933
2005-12-26	-10.865659566292818
2005-12-27	-10.643620197109593
2005-12-28	-10.872822126589051
2005-12-29	-10.758221161849322
2005-12-30	-13.177877281122768
2005-12-31	-30.584188061822367
2006-01-01	-10.47171875
2006-01-02	-12.018831773986337
2006-01-03	-11.868418007765444
2006-01-04	-10.47171875
2006-01-05	-9999
2006-01-06	-9999
2006-01-07	-9999
2006-01-08	-9999
2006-01-09	-9999
2006-01-10	-9999
2006-01-11	-9999
2006-01-12	-9999
2006-01-13	-9999
2006-01-14	-9999
2006-01-15	-9999
2006-01-16	-11.162867679590049
2006-01-17	-75.09063032627745
2006-01-18	-10.47171875
2006-01-19	-10.656587817331287
2006-01-20	-9999
2006-01-21	-20.401828652366206
2006-01-22	-12.196018950865664
2006-01-23	-9999
2006-01-24	-9999
2006-01-25	-9999
2006-01-26	-11.897851555127062
2006-01-27	-9999
2006-01-28	-9999
2006-01-29	-9999
2006-01-30	-9999
2006-01-31	-9999
2006-02-01	-9999
2006-02-02	-9999
2006-02-03	-9999
2006-02-04	-9999
2006-02-05	-9999
2006-02-06	-9999
2006-02-07	-9999
2006-02-08	-6.5089378511235925
2006-02-09	-8.599304775280897
2006-02-10	-10.07544066011236
2006-02-11	-8.946048103932583
2006-02-12	-9999
2006-02-13	-9999
2006-02-14	-9999
2006-02-15	-11.322145106589147
2006-02-16	-15.893186773255813
2006-02-17	-12.544632994186047
2006-02-18	-11.667630813953489
2006-02-19	-9999
2006-02-20	-9999
2006-02-21	-9999
2006-02-22	-9999
2006-02-23	-10.516011789405686
2006-02-24	-9999
2006-02-25	-11.6942066375969
2006-02-26	-14.617547238372094
2006-02-27	-10.47171875
2006-02-28	-10.671037427325583
2006-03-01	-10.572613877695154
2006-03-02	-10.837463587894936
2006-03-03	-11.36085706281355
2006-03-04	-16.525426411709265
2006-03-05	-12.741859123140975
2006-03-06	-11.947309992541634
2006-03-07	-10.73656846019978
2006-03-08	-20.863916902600906
2006-03-09	-10.47171875
2006-03-10	-16.114783241989986
2006-03-11	-13.939988764520933
2006-03-12	-11.531117590799122
2006-03-13	-9999
2006-03-14	-9999
2006-03-15	-9999
2006-03-16	-9999
2006-03-17	-9999
2006-03-18	-9999
2006-03-19	-9999
2006-03-20	-9999
2006-03-21	-10.604322638431231
2006-03-22	-10.572750284042844
2006-03-23	-12.943834098610797
2006-03-24	-10.566435813165166
2006-03-25	-11.422962215367749
2006-03-26	-10.47171875
2006-03-27	-10.641682205379011
2006-03-28	-20.593815566917257
2006-03-29	-10.482455036010265
2006-03-30	-10.846584478995426
2006-03-31	-10.862166068967749
2006-04-01	-10.523029318730217
2006-04-02	-10.497893585112314
2006-04-03	-10.971207604111195
2006-04-04	-9999
2006-04-05	-15.272630717836151
2006-04-06	-10.47171875
2006-04-07	-9999
2006-04-08	-9999
2006-04-09	-15.48308165341253
2006-04-10	-14.468642378017016
2006-04-11	-13.74028484317064
2006-04-12	-10.47171875
2006-04-13	-9.829158794550333
2006-04-14	-10.47171875
2006-04-15	-9.099232842399354
2006-04-16	-6.426013555556606
2006-04-17	-10.47171875
2006-04-18	-10.47171875
2006-04-19	-9999
2006-04-20	-9999
2006-04-21	-9999
2006-04-22	-5.308269434431988
2006-04-23	-9.941119327477477
2006-04-24	-9999
2006-04-25	-9999
2006-04-26	-4.232535440049874
2006-04-27	-10.321806664020531
2006-04-28	-9.355622001591087
2006-04-29	-10.002958115668257
2006-04-30	-9999
2006-05-01	-9999
2006-05-02	-9999
2006-05-03	-9999
2006-05-04	-9999
2006-05-05	-9.352007877393056
2006-05-06	-9999
2006-05-07	-9999
2006-05-08	-10.47171875
2006-05-09	-5.8815172138164264
2006-05-10	-10.353930200737398
2006-05-11	-9999
2006-05-12	-10.47171875
2006-05-13	-7.052814308746997
2006-05-14	-9.948317472275944
2006-05-15	-9999
2006-05-16	-8.493487502681521
2006-05-17	-9999
2006-05-18	-0.30482084039876156
2006-05-19	-10.47171875
2006-05-20	-9.910331561568121
2006-05-21	-9.293061647286711
2006-05-22	-10.47171875
2006-05-23	-8.609614820815068
2006-05-24	-10.47171875
2006-05-25	-9999
2006-05-26	-9999
2006-05-27	-10.290904509917048
2006-05-28	-9.792776795675671
2006-05-29	-8.947818276396475
2006-05-30	-8.916749226801246
2006-05-31	-9.647608741958676
2006-06-01	-9.340437786780837
2006-06-02	-10.331944869304943
2006-06-03	-10.47171875
2006-06-04	-10.2087284341252
2006-06-05	-10.47171875
2006-06-06	-10.47171875
2006-06-07	-9999
2006-06-08	-9999
2006-06-09	-9999
2006-06-10	-9999
2006-06-11	-9999
2006-06-12	-9999
2006-06-13	-9999
2006-06-14	-9999
2006-06-15	-9999
2006-06-16	-9999
2006-06-17	-10.47171875
2006-06-18	94.37718750000002
2006-06-19	-9999
2006-06-20	-9999
2006-06-21	-9999
2006-06-22	-9999
2006-06-23	-9999
2006-06-24	-9999
2006-06-25	-9999
2006-06-26	-9999
2006-06-27	-9999
2006-06-28	-9999
2006-06-29	-9999
2006-06-30	-9999
2006-07-01	-9999
2006-07-02	-9999
2006-07-03	-9999
2006-07-04	-9999
2006-07-05	-9.918160393348531
2006-07-06	-10.47171875
2006-07-07	-3.571960463302939
2006-07-08	-9999
2006-07-09	-9999
2006-07-10	-9999
2006-07-11	-9999
2006-07-12	-9999
2006-07-13	-9999
2006-07-14	-9999
2006-07-15	-9999
2006-07-16	-9999
2006-07-17	-9999
2006-07-18	-9999
2006-07-19	-9999
2006-07-20	-9999
2006-07-21	-9999
2006-07-22	-10.47171875
2006-07-23	-9999
2006-07-24	-9999
2006-07-25	-9999
2006-07-26	-9999
2006-07-27	-9999
2006-07-28	17.003288442245026
2006-07-29	-10.47171875
2006-07-30	-9.800503914826878
2006-07-31	16.86332896136323
2006-08-01	-10.494705946160582
2006-08-02	-10.47171875
2006-08-03	-10.563398404880969
2006-08-04	-10.494029206100615
2006-08-05	-10.522578353660068
2006-08-06	-10.60778877086363
2006-08-07	-10.47775420933245
2006-08-08	-10.639182022146741
2006-08-09	-10.650194185476495
2006-08-10	-10.547451368226538
2006-08-11	-10.866829699812866
2006-08-12	-10.51588047984047
2006-08-13	-10.97110478033154
2006-08-14	-10.599030306649754
2006-08-15	-9999
2006-08-16	-10.411543943318843
2006-08-17	-9999
2006-08-18	-10.47171875
2006-08-19	-10.162312496664578
2006-08-20	-8.932876486270043
2006-08-21	-9999
2006-08-22	-9.794833158619365
2006-08-23	-9999
2006-08-24	-10.072642239528356
2006-08-25	-9999
2006-08-26	-8.73457034143762
2006-08-27	-3.3908091844484245
2006-08-28	-3.05257848914054
2006-08-29	-3.8811428485539388
2006-08-30	-10.759941994959352
2006-08-31	-9999
2006-09-01	-9999
2006-09-02	-9999
2006-09-03	-10.47171875
2006-09-04	-9999
2006-09-05	-9999
2006-09-06	-9999
2006-09-07	-10.83224079536584
2006-09-08	-10.47171875
2006-09-09	-9999
2006-09-10	-9999
2006-09-11	-9999
2006-09-12	-9999
2006-09-13	-9999
2006-09-14	-9999
2006-09-15	-10.247393154919044
2006-09-16	-9.459723776839143
2006-09-17	-10.47171875
2006-09-18	-9.178000648979234
2006-09-19	-10.47171875
2006-09-20	-9999
2006-09-21	-9999
2006-09-22	-9999
2006-09-23	-9999
2006-09-24	-9999
2006-09-25	-5.933043963759828
2006-09-26	-7.6829706181068875
2006-09-27	-10.47171875
2006-09-28	-9999
2006-09-29	-9999
2006-09-30	-9.92023975702405
2006-10-01	-0.7427774840188164
2006-10-02	-9.516352587820673
2006-10-03	-7.399887365957454
2006-10-04	-10.47171875
2006-10-05	-10.469080900613443
2006-10-06	-9999
2006-10-07	-10.415452741598713
2006-10-08	-9999
2006-10-09	-9999
2006-10-10	-9999
2006-10-11	-9999
2006-10-12	-9999
2006-10-13	-9999
2006-10-14	-10.468463105203195
2006-10-15	-9999
2006-10-16	-9999
2006-10-17	-9999
2006-10-18	-9999
2006-10-19	-9999
2006-10-20	-9999
2006-10-21	-9999
2006-10-22	-9999
2006-10-23	-9999
2006-10-24	-9.767157601854151
2006-10-25	-9999
2006-10-26	-9999
2006-10-27	-9999
2006-10-28	-9999
2006-10-29	-6.418530173437925
2006-10-30	-9999
2006-10-31	-9999
2006-11-01	-9.497129267458204
2006-11-02	-9999
2006-11-03	-9999
2006-11-04	-9999
2006-11-05	-9999
2006-11-06	-9999
2006-11-07	-9999
2006-11-08	-9999
2006-11-09	-9.313311353459042
2006-11-10	-9999
2006-11-11	-1.3924582007417534
2006-11-12	-3.221969366879936
2006-11-13	-10.47171875
2006-11-14	-4.118462670848782
2006-11-15	-9999
2006-11-16	-9999
2006-11-17	-9999
2006-11-18	-9999
2006-11-19	-14.30309735478243
2006-11-20	-10.47171875
2006-11-21	-25.38689251077586
2006-11-22	-12.50630413587849
2006-11-23	-10.823858528325124
2006-11-24	-11.44988480090312
2006-11-25	-9999
2006-11-26	-9999
2006-11-27	-9999
2006-11-28	-9999
2006-11-29	-10.534321470964208
2006-11-30	-9999
2006-12-01	-9999
2006-12-02	-9999
2006-12-03	-10.476776390877898
2006-12-04	-14.935503627071235
2006-12-05	-10.863809476038984
2006-12-06	-13.107622790598207
2006-12-07	-10.476463377273078
2006-12-08	-12.218828896908999
2006-12-09	-19.423907847881658
2006-12-10	-10.985720037916652
2006-12-11	-9999
2006-12-12	-10.51784707071047
2006-12-13	-9999
2006-12-14	-9999
2006-12-15	-9999
2006-12-16	-8.037677085645953
2006-12-17	-7.0302326358053975
2006-12-18	-10.47171875
2006-12-19	-9999
2006-12-20	-9999
2006-12-21	-9999
2006-12-22	-9999
2006-12-23	-9999
2006-12-24	-9999
2006-12-25	-9999
2006-12-26	-9999
2006-12-27	-9999
2006-12-28	-9999
2006-12-29	-9999
2006-12-30	-9999
2006-12-31	-10.42698472082495
2007-01-01	-10.47171875
2007-01-02	-9.676447120221328
2007-01-03	-10.446866511569418
2007-01-04	-10.15858054577465
2007-01-05	-10.239764524647889
2007-01-06	-9999
2007-01-07	-9.33679986167002
2007-01-08	-10.462606262575454
2007-01-09	-9.924969504527164
2007-01-10	-10.47171875
2007-01-11	-10.47171875
2007-01-12	-8.666212272904403
2007-01-13	-9999
2007-01-14	-9999
2007-01-15	-9999
2007-01-16	-9999
2007-01-17	-9999
2007-01-18	-6.386423497347871
2007-01-19	-7.247272816912332
2007-01-20	-9999
2007-01-21	7.2997871865494375
2007-01-22	-8.53147298356891
2007-01-23	-6.443013998868778
2007-01-24	-2.171778526933668
2007-01-25	-10.495417373422457
2007-01-26	-10.48356806171123
2007-01-27	-10.47171875
2007-01-28	-9999
2007-01-29	-9999
2007-01-30	-9999
2007-01-31	-9999
2007-02-01	-9999
2007-02-02	-9999
2007-02-03	-10.697685124333123
2007-02-04	-9999
2007-02-05	-9999
2007-02-06	-22.332879772939506
2007-02-07	-13.043019391336536
2007-02-08	-10.999625371401136
2007-02-09	-10.521209995756358
2007-02-10	-11.152223379149902
2007-02-11	-11.840316665982444
2007-02-12	-13.305525617951776
2007-02-13	-12.203912351472477
2007-02-14	-13.070009152208716
2007-02-15	-10.81074010726902
2007-02-16	-9999
2007-02-17	-9999
2007-02-18	-9999
2007-02-19	-9999
2007-02-20	-9999
2007-02-21	-9999
2007-02-22	-9999
2007-02-23	-9999
2007-02-24	-10.971002652280069
2007-02-25	-12.475307296247063
2007-02-26	-15.093479293993969
2007-02-27	-11.779780765998437
2007-02-28	-13.151601859840815
2007-03-01	-11.171983504528171
2007-03-02	-12.432460062678881
2007-03-03	-12.817605677669375
2007-03-04	-9999
2007-03-05	-10.724592133579618
2007-03-06	-9999
2007-03-07	-13.415989691133191
2007-03-08	-10.845193285748358
2007-03-09	-10.549763256892165
2007-03-10	-14.26314664900289
2007-03-11	-9999
2007-03-12	-9999
2007-03-13	-9999
2007-03-14	-9999
2007-03-15	-9999
2007-03-16	-9999
2007-03-17	-9999
2007-03-18	-10.47171875
2007-03-19	-14.340629257987672
2007-03-20	-15.555173316191395
2007-03-21	-11.67157074298352
2007-03-22	-11.020222518221038
2007-03-23	-15.187871685686238
2007-03-24	-11.204412042531692
2007-03-25	-9999
2007-03-26	-9999
2007-03-27	-9999
2007-03-28	-9999
2007-03-29	-10.472178549061386
2007-03-30	-9999
2007-03-31	-10.488192890570394
2007-04-01	-9999
2007-04-02	-9999
2007-04-03	-10.709824774340532
2007-04-04	-10.700238883508762
2007-04-05	-9999
2007-04-06	-9999
2007-04-07	-9999
2007-04-08	-9999
2007-04-09	-9999
2007-04-10	-9999
2007-04-11	-9999
2007-04-12	-9999
2007-04-13	-9999
2007-04-14	-9999
2007-04-15	-9999
2007-04-16	-9999
2007-04-17	-9999
2007-04-18	-9999
2007-04-19	-9999
2007-04-20	-9999
2007-04-21	-9999
2007-04-22	-9999
2007-04-23	-9999
2007-04-24	-9999
2007-04-25	-9999
2007-04-26	-9999
2007-04-27	-10.47171875
2007-04-28	-9999
2007-04-29	-9999
2007-04-30	-9999
2007-05-01	-9999
2007-05-02	-11.50906136473115
2007-05-03	-11.698210572719093
2007-05-04	-10.47171875
2007-05-05	-10.47171875
2007-05-06	-12.201636905060582
2007-05-07	-10.47171875
2007-05-08	-53.755383632015665
2007-05-09	-10.391987686679876
2007-05-10	-9999
2007-05-11	-9999
2007-05-12	-10.47171875
2007-05-13	-9999
2007-05-14	-10.47171875
2007-05-15	-9.884105690193365
2007-05-16	-10.47171875
2007-05-17	-6.799332075346796
2007-05-18	-9999
2007-05-19	-9999
2007-05-20	-9999
2007-05-21	-9999
2007-05-22	-9999
2007-05-23	-9999
2007-05-24	-10.47171875
2007-05-25	-10.47171875
2007-05-26	-9999
2007-05-27	-10.47171875
2007-05-28	-10.47171875
2007-05-29	-16.32168374786782
2007-05-30	-9999
2007-05-31	-10.47171875
2007-06-01	-13.571660354153622
2007-06-02	-11.018878699165096
2007-06-03	-9999
2007-06-04	-9999
2007-06-05	-9999
2007-06-06	-9999
2007-06-07	-11.186535511753759
2007-06-08	-9999
2007-06-09	-11.024135479809171
2007-06-10	-10.47171875
2007-06-11	-10.47171875
2007-06-12	-9999
2007-06-13	-10.47171875
2007-06-14	-9999
2007-06-15	-10.47171875
2007-06-16	-10.47171875
2007-06-17	-9999
2007-06-18	-10.637711676720771
2007-06-19	-10.47171875
2007-06-20	-10.420775273379153
2007-06-21	-10.47171875
2007-06-22	-10.47171875
2007-06-23	-9999
2007-06-24	-10.47171875
2007-06-25	-10.47171875
2007-06-26	-10.47171875
2007-06-27	-3.95000815595858
2007-06-28	-9999
2007-06-29	-9999
2007-06-30	-9999
2007-07-01	-8.001158921975293
2007-07-02	10.194140274918254
2007-07-03	-10.47171875
2007-07-04	-10.47171875
2007-07-05	-10.267617209365701
2007-07-06	-10.47171875
2007-07-07	-10.47171875
2007-07-08	-10.370535129665912
2007-07-09	-10.47171875
2007-07-10	-5.952036304429484
2007-07-11	-5.858432473190348
2007-07-12	-10.47171875
2007-07-13	-9999
2007-07-14	-9999
2007-07-15	-9999
2007-07-16	-9999
2007-07-17	-9999
2007-07-18	-10.47171875
2007-07-19	-10.47171875
2007-07-20	-10.47171875
2007-07-21	-10.47171875
2007-07-22	-10.47171875
2007-07-23	-10.47171875
2007-07-24	2.350312500000001
2007-07-25	-9999
2007-07-26	-9999
2007-07-27	-10.47171875
2007-07-28	-9999
2007-07-29	-10.47171875
2007-07-30	-10.47171875
2007-07-31	-9999
2007-08-01	-9999
2007-08-02	-10.371354382154319
2007-08-03	-10.47171875
2007-08-04	-9999
2007-08-05	-9999
2007-08-06	-9999
2007-08-07	-10.47171875
2007-08-08	-10.47171875
2007-08-09	-9.863275117727339
2007-08-10	-9999
2007-08-11	-9.988469851484501
2007-08-12	-10.47171875
2007-08-13	-10.47171875
2007-08-14	-9999
2007-08-15	-9999
2007-08-16	-10.111621910282405
2007-08-17	-10.47171875
2007-08-18	-9999
2007-08-19	1.7809489690608924
2007-08-20	-10.47171875
2007-08-21	-1.7837612456968213
2007-08-22	-9999
2007-08-23	-10.47171875
2007-08-24	-9999
2007-08-25	-9999
2007-08-26	-9999
2007-08-27	-9999
2007-08-28	-10.47171875
2007-08-29	-10.47171875
2007-08-30	-7.020341060210368
2007-08-31	-9999
2007-09-01	-10.47171875
2007-09-02	-9999
2007-09-03	-10.47171875
2007-09-04	-0.23297583551966028
2007-09-05	-8.498509054722476
2007-09-06	-10.47171875
2007-09-07	-9999
2007-09-08	-9999
2007-09-09	-9999
2007-09-10	-9999
2007-09-11	-3.2379028742237494
2007-09-12	-9999
2007-09-13	-9999
2007-09-14	-9.90531323081942
2007-09-15	-9999
2007-09-16	-9999
2007-09-17	-9.494217288361153
2007-09-18	-10.47171875
2007-09-19	-9999
2007-09-20	-9999
2007-09-21	-9999
2007-09-22	-9999
2007-09-23	-9999
2007-09-24	-10.47171875
2007-09-25	-10.47171875
2007-09-26	-8.357180141143989
2007-09-27	-9.845122766408265
2007-09-28	-9.429029271410954
2007-09-29	-10.389678806726508
2007-09-30	-9.759444688178077
2007-10-01	-9999
2007-10-02	-9999
2007-10-03	-9999
2007-10-04	-7.473804592308655
2007-10-05	-10.47171875
2007-10-06	-9999
2007-10-07	-9999
2007-10-08	-9999
2007-10-09	-9999
2007-10-10	-9999
2007-10-11	-9999
2007-10-12	-9999
2007-10-13	-9999
2007-10-14	-9999
2007-10-15	-9999
2007-10-16	-9999
2007-10-17	-8.705256699692892
2007-10-18	-10.47171875
2007-10-19	-9.864425636150921
2007-10-20	-5.946116866834844
2007-10-21	-7.600356509578823
2007-10-22	-9.828437896070977
2007-10-23	-9999
2007-10-24	-9999
2007-10-25	-9999
2007-10-26	-9999
2007-10-27	-9999
2007-10-28	-9999
2007-10-29	-9999
2007-10-30	-6.676587126700694
2007-10-31	-10.391941208369085
2007-11-01	-9999
2007-11-02	-9999
2007-11-03	-9999
2007-11-04	-9.673396287691082
2007-11-05	-9999
2007-11-06	-5.6945768747865895
2007-11-07	-7.423179551657794
2007-11-08	-10.47171875
2007-11-09	-10.373919863021563
2007-11-10	-10.144145254352086
2007-11-11	-9.470799735520261
2007-11-12	-9.97125924276013
2007-11-13	-10.28063421087205
2007-11-14	-8.791767176833437
2007-11-15	-9.579990900736233
2007-11-16	-9999
2007-11-17	-9999
2007-11-18	-9999
2007-11-19	-9999
2007-11-20	-9999
2007-11-21	-9999
2007-11-22	-9999
2007-11-23	-10.55347429319076
2007-11-24	-11.1829919757596
2007-11-25	-10.74968759684858
2007-11-26	-9999
2007-11-27	-9999
2007-11-28	-9999
2007-11-29	-9999
2007-11-30	-10.729248711050891
2007-12-01	-11.411907496693726
2007-12-02	-14.488716048020532
2007-12-03	-20.797836281600127
2007-12-04	-13.5539027282916
2007-12-05	-11.387380833736497
2007-12-06	-10.575967941810346
2007-12-07	-10.810171605603449
2007-12-08	-10.651655711206898
2007-12-09	-10.93155765086207
2007-12-10	-11.642737068965518
2007-12-11	-11.032950700431035
2007-12-12	-10.816597925646553
2007-12-13	-10.494567887931035
2007-12-14	-9999
2007-12-15	-9999
2007-12-16	-9999
2007-12-17	-9999
2007-12-18	-9999
2007-12-19	-9999
2007-12-20	-9999
2007-12-21	-9999
2007-12-22	-9999
2007-12-23	-9999
2007-12-24	-9999
2007-12-25	-9999
2007-12-26	-9999
2007-12-27	-9999
2007-12-28	-9999
2007-12-29	-9999
2007-12-30	-9999
2007-12-31	-9999
