	PREC
1997-01-01	-9999
1997-01-02	0.0
1997-01-03	0.0
1997-01-04	0.0
1997-01-05	0.0
1997-01-06	0.0
1997-01-07	0.0
1997-01-08	0.0
1997-01-09	0.0
1997-01-10	1.7000000000000002
1997-01-11	0.0
1997-01-12	0.0
1997-01-13	0.0
1997-01-14	0.0
1997-01-15	0.0
1997-01-16	0.0
1997-01-17	0.0
1997-01-18	0.0
1997-01-19	1.2
1997-01-20	1.8
1997-01-21	1.2000000000000002
1997-01-22	0.0
1997-01-23	0.0
1997-01-24	0.0
1997-01-25	0.0
1997-01-26	0.0
1997-01-27	0.0
1997-01-28	0.0
1997-01-29	0.0
1997-01-30	0.0
1997-01-31	0.0
1997-02-01	0.0
1997-02-02	0.0
1997-02-03	0.0
1997-02-04	0.0
1997-02-05	9.600000000000001
1997-02-06	0.1
1997-02-07	0.0
1997-02-08	0.0
1997-02-09	0.0
1997-02-10	0.0
1997-02-11	2.9000000000000004
1997-02-12	9.2
1997-02-13	9.6
1997-02-14	17.1
1997-02-15	30.799999999999997
1997-02-16	0.0
1997-02-17	0.0
1997-02-18	7.5
1997-02-19	0.4
1997-02-20	3.6999999999999997
1997-02-21	0.0
1997-02-22	0.0
1997-02-23	0.0
1997-02-24	0.30000000000000004
1997-02-25	4.0
1997-02-26	35.4
1997-02-27	6.4
1997-02-28	0.0
1997-03-01	0.0
1997-03-02	0.0
1997-03-03	0.0
1997-03-04	0.0
1997-03-05	2.9
1997-03-06	0.2
1997-03-07	0.0
1997-03-08	0.0
1997-03-09	0.0
1997-03-10	0.0
1997-03-11	0.0
1997-03-12	0.0
1997-03-13	0.0
1997-03-14	0.3
1997-03-15	0.30000000000000004
1997-03-16	2.4000000000000004
1997-03-17	0.0
1997-03-18	0.0
1997-03-19	10.1
1997-03-20	5.0
1997-03-21	1.5000000000000002
1997-03-22	0.0
1997-03-23	1.4000000000000001
1997-03-24	7.0
1997-03-25	1.7
1997-03-26	0.0
1997-03-27	0.2
1997-03-28	15.1
1997-03-29	3.4000000000000004
1997-03-30	0.1
1997-03-31	0.0
1997-04-01	0.0
1997-04-02	0.0
1997-04-03	0.0
1997-04-04	11.4
1997-04-05	0.9
1997-04-06	10.3
1997-04-07	0.0
1997-04-08	0.0
1997-04-09	0.0
1997-04-10	0.0
1997-04-11	4.2
1997-04-12	0.0
1997-04-13	0.0
1997-04-14	0.0
1997-04-15	0.0
1997-04-16	0.0
1997-04-17	0.0
1997-04-18	0.0
1997-04-19	0.0
1997-04-20	16.400000000000002
1997-04-21	0.0
1997-04-22	0.0
1997-04-23	0.0
1997-04-24	0.0
1997-04-25	0.0
1997-04-26	21.6
1997-04-27	16.2
1997-04-28	1.7000000000000002
1997-04-29	33.0
1997-04-30	13.4
1997-05-01	0.0
1997-05-02	0.0
1997-05-03	0.0
1997-05-04	0.0
1997-05-05	3.3
1997-05-06	16.8
1997-05-07	0.5
1997-05-08	5.6
1997-05-09	12.600000000000001
1997-05-10	3.1
1997-05-11	0.0
1997-05-12	0.0
1997-05-13	0.0
1997-05-14	0.0
1997-05-15	1.3
1997-05-16	2.6
1997-05-17	0.0
1997-05-18	0.2
1997-05-19	0.0
1997-05-20	22.0
1997-05-21	2.6000000000000005
1997-05-22	3.0
1997-05-23	0.0
1997-05-24	1.1
1997-05-25	0.0
1997-05-26	0.0
1997-05-27	0.0
1997-05-28	0.0
1997-05-29	0.0
1997-05-30	0.0
1997-05-31	0.0
1997-06-01	0.0
1997-06-02	0.0
1997-06-03	17.4
1997-06-04	1.8
1997-06-05	0.0
1997-06-06	0.0
1997-06-07	0.0
1997-06-08	37.5
1997-06-09	0.1
1997-06-10	0.0
1997-06-11	2.2
1997-06-12	1.9
1997-06-13	11.799999999999999
1997-06-14	22.6
1997-06-15	0.4
1997-06-16	2.8000000000000003
1997-06-17	4.6
1997-06-18	7.9
1997-06-19	6.3
1997-06-20	10.700000000000001
1997-06-21	6.9
1997-06-22	25.9
1997-06-23	3.5999999999999996
1997-06-24	16.299999999999997
1997-06-25	2.0
1997-06-26	12.2
1997-06-27	10.9
1997-06-28	0.1
1997-06-29	8.9
1997-06-30	6.9
1997-07-01	0.0
1997-07-02	0.0
1997-07-03	5.1000000000000005
1997-07-04	7.3999999999999995
1997-07-05	27.6
1997-07-06	19.7
1997-07-07	3.8000000000000003
1997-07-08	0.0
1997-07-09	0.0
1997-07-10	0.0
1997-07-11	0.4
1997-07-12	0.0
1997-07-13	0.0
1997-07-14	3.5
1997-07-15	9.6
1997-07-16	0.0
1997-07-17	0.7
1997-07-18	26.299999999999997
1997-07-19	20.4
1997-07-20	2.0999999999999996
1997-07-21	0.0
1997-07-22	0.0
1997-07-23	6.199999999999999
1997-07-24	0.0
1997-07-25	27.7
1997-07-26	16.0
1997-07-27	0.0
1997-07-28	0.0
1997-07-29	2.4
1997-07-30	0.0
1997-07-31	0.2
1997-08-01	20.5
1997-08-02	9.0
1997-08-03	0.0
1997-08-04	0.0
1997-08-05	0.0
1997-08-06	6.5
1997-08-07	0.0
1997-08-08	6.6
1997-08-09	0.0
1997-08-10	0.0
1997-08-11	0.0
1997-08-12	0.0
1997-08-13	0.0
1997-08-14	0.0
1997-08-15	0.0
1997-08-16	0.0
1997-08-17	0.0
1997-08-18	2.0
1997-08-19	0.0
1997-08-20	0.0
1997-08-21	0.0
1997-08-22	0.0
1997-08-23	0.0
1997-08-24	0.0
1997-08-25	0.0
1997-08-26	2.0
1997-08-27	0.9
1997-08-28	44.0
1997-08-29	7.199999999999999
1997-08-30	1.5
1997-08-31	0.1
1997-09-01	0.0
1997-09-02	0.7000000000000001
1997-09-03	0.30000000000000004
1997-09-04	0.0
1997-09-05	0.0
1997-09-06	2.3
1997-09-07	6.8999999999999995
1997-09-08	0.0
1997-09-09	0.0
1997-09-10	0.0
1997-09-11	0.0
1997-09-12	14.3
1997-09-13	27.6
1997-09-14	0.0
1997-09-15	0.0
1997-09-16	0.0
1997-09-17	0.0
1997-09-18	0.0
1997-09-19	0.0
1997-09-20	1.4000000000000001
1997-09-21	0.0
1997-09-22	0.0
1997-09-23	0.0
1997-09-24	0.0
1997-09-25	0.0
1997-09-26	0.0
1997-09-27	0.0
1997-09-28	0.0
1997-09-29	0.0
1997-09-30	0.0
1997-10-01	0.0
1997-10-02	0.0
1997-10-03	0.0
1997-10-04	0.0
1997-10-05	0.0
1997-10-06	0.0
1997-10-07	2.4000000000000004
1997-10-08	0.0
1997-10-09	0.0
1997-10-10	12.100000000000001
1997-10-11	2.3
1997-10-12	55.2
1997-10-13	9.399999999999999
1997-10-14	2.0
1997-10-15	9.799999999999999
1997-10-16	3.8
1997-10-17	0.0
1997-10-18	0.0
1997-10-19	0.1
1997-10-20	0.0
1997-10-21	0.6
1997-10-22	0.4
1997-10-23	0.1
1997-10-24	0.0
1997-10-25	0.0
1997-10-26	0.0
1997-10-27	0.0
1997-10-28	0.0
1997-10-29	0.0
1997-10-30	0.0
1997-10-31	0.0
1997-11-01	0.0
1997-11-02	0.0
1997-11-03	0.0
1997-11-04	0.0
1997-11-05	0.1
1997-11-06	0.0
1997-11-07	0.0
1997-11-08	4.8
1997-11-09	2.9000000000000004
1997-11-10	0.0
1997-11-11	0.0
1997-11-12	9.2
1997-11-13	0.8
1997-11-14	0.0
1997-11-15	0.0
1997-11-16	1.8
1997-11-17	0.0
1997-11-18	0.0
1997-11-19	0.0
1997-11-20	8.9
1997-11-21	2.0
1997-11-22	0.0
1997-11-23	0.0
1997-11-24	0.0
1997-11-25	0.0
1997-11-26	0.0
1997-11-27	0.0
1997-11-28	1.7000000000000002
1997-11-29	1.3000000000000003
1997-11-30	4.4
1997-12-01	8.600000000000001
1997-12-02	4.800000000000001
1997-12-03	6.6
1997-12-04	0.1
1997-12-05	0.0
1997-12-06	0.0
1997-12-07	0.0
1997-12-08	0.0
1997-12-09	2.0
1997-12-10	2.1
1997-12-11	31.4
1997-12-12	31.400000000000006
1997-12-13	12.9
1997-12-14	5.3999999999999995
1997-12-15	3.0999999999999996
1997-12-16	0.0
1997-12-17	0.0
1997-12-18	0.0
1997-12-19	0.0
1997-12-20	17.7
1997-12-21	75.19999999999999
1997-12-22	8.100000000000001
1997-12-23	0.0
1997-12-24	0.2
1997-12-25	0.2
1997-12-26	28.799999999999997
1997-12-27	6.7
1997-12-28	4.6000000000000005
1997-12-29	0.0
1997-12-30	0.0
1997-12-31	0.0
1998-01-01	0.0
1998-01-02	13.399999999999999
1998-01-03	9.100000000000001
1998-01-04	9.200000000000001
1998-01-05	3.9000000000000004
1998-01-06	12.499999999999998
1998-01-07	2.7
1998-01-08	0.0
1998-01-09	0.0
1998-01-10	0.0
1998-01-11	0.0
1998-01-12	0.0
1998-01-13	0.0
1998-01-14	2.8
1998-01-15	0.30000000000000004
1998-01-16	17.8
1998-01-17	7.199999999999999
1998-01-18	6.9
1998-01-19	20.9
1998-01-20	9.400000000000002
1998-01-21	7.0
1998-01-22	0.0
1998-01-23	0.0
1998-01-24	1.4
1998-01-25	2.8
1998-01-26	0.0
1998-01-27	0.0
1998-01-28	0.0
1998-01-29	0.0
1998-01-30	0.0
1998-01-31	0.0
1998-02-01	0.0
1998-02-02	0.0
1998-02-03	0.0
1998-02-04	0.0
1998-02-05	0.0
1998-02-06	0.0
1998-02-07	3.5
1998-02-08	0.0
1998-02-09	0.0
1998-02-10	0.0
1998-02-11	0.0
1998-02-12	0.0
1998-02-13	0.0
1998-02-14	0.0
1998-02-15	0.0
1998-02-16	0.0
1998-02-17	0.0
1998-02-18	0.0
1998-02-19	0.0
1998-02-20	0.0
1998-02-21	0.0
1998-02-22	8.3
1998-02-23	15.4
1998-02-24	0.6000000000000001
1998-02-25	0.1
1998-02-26	0.0
1998-02-27	0.0
1998-02-28	0.1
1998-03-01	13.0
1998-03-02	0.0
1998-03-03	0.0
1998-03-04	0.0
1998-03-05	7.0
1998-03-06	5.5
1998-03-07	5.9
1998-03-08	23.400000000000002
1998-03-09	16.2
1998-03-10	0.0
1998-03-11	0.0
1998-03-12	6.5
1998-03-13	2.0
1998-03-14	0.0
1998-03-15	10.5
1998-03-16	12.0
1998-03-17	0.6000000000000001
1998-03-18	0.0
1998-03-19	2.4
1998-03-20	0.7000000000000001
1998-03-21	5.7
1998-03-22	0.0
1998-03-23	10.0
1998-03-24	1.0
1998-03-25	0.0
1998-03-26	0.0
1998-03-27	0.0
1998-03-28	0.0
1998-03-29	0.0
1998-03-30	0.0
1998-03-31	0.0
1998-04-01	0.1
1998-04-02	13.3
1998-04-03	3.5
1998-04-04	8.7
1998-04-05	6.2
1998-04-06	0.0
1998-04-07	7.1000000000000005
1998-04-08	1.6
1998-04-09	0.0
1998-04-10	6.4
1998-04-11	0.1
1998-04-12	15.899999999999999
1998-04-13	8.8
1998-04-14	0.0
1998-04-15	0.0
1998-04-16	3.9000000000000004
1998-04-17	3.1
1998-04-18	11.5
1998-04-19	4.1000000000000005
1998-04-20	0.0
1998-04-21	14.1
1998-04-22	0.0
1998-04-23	0.0
1998-04-24	2.7
1998-04-25	0.2
1998-04-26	0.0
1998-04-27	0.7
1998-04-28	9.4
1998-04-29	0.0
1998-04-30	0.0
1998-05-01	8.0
1998-05-02	14.6
1998-05-03	0.30000000000000004
1998-05-04	1.0
1998-05-05	0.0
1998-05-06	0.0
1998-05-07	0.0
1998-05-08	0.0
1998-05-09	0.0
1998-05-10	0.0
1998-05-11	0.0
1998-05-12	0.0
1998-05-13	0.0
1998-05-14	0.0
1998-05-15	0.0
1998-05-16	0.0
1998-05-17	0.7999999999999999
1998-05-18	0.2
1998-05-19	0.0
1998-05-20	0.0
1998-05-21	0.0
1998-05-22	3.0
1998-05-23	0.0
1998-05-24	0.0
1998-05-25	1.5000000000000002
1998-05-26	1.7
1998-05-27	3.8
1998-05-28	0.0
1998-05-29	1.9
1998-05-30	0.0
1998-05-31	1.1
1998-06-01	0.5
1998-06-02	2.2
1998-06-03	8.4
1998-06-04	0.0
1998-06-05	0.0
1998-06-06	0.0
1998-06-07	11.5
1998-06-08	2.0
1998-06-09	0.0
1998-06-10	15.7
1998-06-11	31.799999999999997
1998-06-12	43.5
1998-06-13	2.9000000000000004
1998-06-14	0.30000000000000004
1998-06-15	7.4
1998-06-16	3.9000000000000004
1998-06-17	0.0
1998-06-18	0.0
1998-06-19	0.0
1998-06-20	0.0
1998-06-21	0.0
1998-06-22	1.8000000000000003
1998-06-23	0.4
1998-06-24	0.0
1998-06-25	5.1
1998-06-26	7.0
1998-06-27	24.299999999999997
1998-06-28	1.2999999999999998
1998-06-29	0.0
1998-06-30	0.7
1998-07-01	0.0
1998-07-02	20.700000000000003
1998-07-03	8.1
1998-07-04	0.1
1998-07-05	0.0
1998-07-06	0.0
1998-07-07	4.8
1998-07-08	8.1
1998-07-09	0.1
1998-07-10	1.2999999999999998
1998-07-11	0.8999999999999999
1998-07-12	0.0
1998-07-13	15.2
1998-07-14	3.4
1998-07-15	0.0
1998-07-16	9.5
1998-07-17	1.6
1998-07-18	0.0
1998-07-19	0.0
1998-07-20	0.0
1998-07-21	0.2
1998-07-22	0.0
1998-07-23	0.0
1998-07-24	9.100000000000001
1998-07-25	1.3
1998-07-26	0.0
1998-07-27	31.3
1998-07-28	12.7
1998-07-29	0.7999999999999999
1998-07-30	0.0
1998-07-31	4.6
1998-08-01	17.0
1998-08-02	3.0
1998-08-03	0.8
1998-08-04	0.8999999999999999
1998-08-05	0.1
1998-08-06	0.0
1998-08-07	0.0
1998-08-08	0.0
1998-08-09	0.0
1998-08-10	0.0
1998-08-11	0.0
1998-08-12	0.0
1998-08-13	0.0
1998-08-14	0.0
1998-08-15	0.0
1998-08-16	0.0
1998-08-17	0.0
1998-08-18	2.2
1998-08-19	0.0
1998-08-20	0.0
1998-08-21	19.9
1998-08-22	36.599999999999994
1998-08-23	6.3
1998-08-24	22.7
1998-08-25	5.6
1998-08-26	0.0
1998-08-27	0.0
1998-08-28	0.0
1998-08-29	0.0
1998-08-30	0.0
1998-08-31	0.0
1998-09-01	1.3
1998-09-02	1.5
1998-09-03	9.399999999999999
1998-09-04	0.5
1998-09-05	42.7
1998-09-06	4.4
1998-09-07	0.4
1998-09-08	0.1
1998-09-09	0.0
1998-09-10	20.2
1998-09-11	45.7
1998-09-12	26.800000000000004
1998-09-13	11.6
1998-09-14	9.0
1998-09-15	2.2
1998-09-16	5.6000000000000005
1998-09-17	9.1
1998-09-18	0.1
1998-09-19	0.0
1998-09-20	0.0
1998-09-21	0.0
1998-09-22	0.0
1998-09-23	0.0
1998-09-24	0.0
1998-09-25	0.0
1998-09-26	0.0
1998-09-27	11.299999999999999
1998-09-28	6.7
1998-09-29	4.6
1998-09-30	13.8
1998-10-01	12.399999999999999
1998-10-02	0.0
1998-10-03	7.5
1998-10-04	4.1
1998-10-05	0.1
1998-10-06	0.0
1998-10-07	13.200000000000001
1998-10-08	0.9000000000000001
1998-10-09	0.0
1998-10-10	0.7999999999999999
1998-10-11	9.7
1998-10-12	2.1
1998-10-13	0.6
1998-10-14	0.1
1998-10-15	2.0
1998-10-16	0.5
1998-10-17	2.0
1998-10-18	17.9
1998-10-19	0.4
1998-10-20	0.30000000000000004
1998-10-21	0.0
1998-10-22	0.0
1998-10-23	1.4
1998-10-24	21.099999999999998
1998-10-25	36.4
1998-10-26	13.399999999999999
1998-10-27	4.9
1998-10-28	0.6000000000000001
1998-10-29	31.9
1998-10-30	19.8
1998-10-31	2.1
1998-11-01	21.3
1998-11-02	0.1
1998-11-03	21.7
1998-11-04	20.0
1998-11-05	4.7
1998-11-06	0.0
1998-11-07	0.0
1998-11-08	0.0
1998-11-09	4.2
1998-11-10	35.5
1998-11-11	1.0
1998-11-12	0.6000000000000001
1998-11-13	1.7
1998-11-14	7.800000000000001
1998-11-15	16.5
1998-11-16	12.8
1998-11-17	2.9
1998-11-18	0.0
1998-11-19	0.9
1998-11-20	0.8999999999999999
1998-11-21	0.5
1998-11-22	0.0
1998-11-23	0.0
1998-11-24	0.0
1998-11-25	0.0
1998-11-26	0.0
1998-11-27	7.3
1998-11-28	0.0
1998-11-29	6.3999999999999995
1998-11-30	2.1
1998-12-01	0.0
1998-12-02	0.0
1998-12-03	0.0
1998-12-04	0.8
1998-12-05	1.0000000000000002
1998-12-06	1.5
1998-12-07	1.1
1998-12-08	0.1
1998-12-09	0.1
1998-12-10	6.300000000000001
1998-12-11	12.1
1998-12-12	4.5
1998-12-13	4.3
1998-12-14	0.0
1998-12-15	0.0
1998-12-16	0.0
1998-12-17	0.0
1998-12-18	0.0
1998-12-19	1.2
1998-12-20	5.0
1998-12-21	5.300000000000001
1998-12-22	0.1
1998-12-23	0.0
1998-12-24	1.6
1998-12-25	0.0
1998-12-26	0.0
1998-12-27	0.0
1998-12-28	0.0
1998-12-29	0.0
1998-12-30	0.0
1998-12-31	0.0
1999-01-01	0.0
1999-01-02	0.0
1999-01-03	3.8
1999-01-04	1.5
1999-01-05	0.0
1999-01-06	0.0
1999-01-07	0.4
1999-01-08	32.8
1999-01-09	2.8
1999-01-10	0.0
1999-01-11	3.6
1999-01-12	1.9
1999-01-13	3.1000000000000005
1999-01-14	1.8
1999-01-15	0.0
1999-01-16	0.0
1999-01-17	0.0
1999-01-18	0.0
1999-01-19	0.0
1999-01-20	0.0
1999-01-21	0.0
1999-01-22	0.0
1999-01-23	0.0
1999-01-24	0.0
1999-01-25	0.0
1999-01-26	22.8
1999-01-27	6.1
1999-01-28	15.900000000000002
1999-01-29	9.6
1999-01-30	1.6
1999-01-31	2.6999999999999997
1999-02-01	0.0
1999-02-02	0.0
1999-02-03	0.2
1999-02-04	0.0
1999-02-05	14.7
1999-02-06	2.7
1999-02-07	25.9
1999-02-08	1.6
1999-02-09	5.699999999999999
1999-02-10	10.4
1999-02-11	1.6
1999-02-12	0.0
1999-02-13	0.0
1999-02-14	0.1
1999-02-15	0.0
1999-02-16	7.6000000000000005
1999-02-17	8.4
1999-02-18	7.5
1999-02-19	28.299999999999997
1999-02-20	52.9
1999-02-21	27.8
1999-02-22	48.0
1999-02-23	0.2
1999-02-24	20.1
1999-02-25	3.4
1999-02-26	0.0
1999-02-27	0.0
1999-02-28	0.0
1999-03-01	0.7999999999999999
1999-03-02	13.700000000000001
1999-03-03	0.2
1999-03-04	15.5
1999-03-05	2.0
1999-03-06	4.5
1999-03-07	4.7
1999-03-08	2.6
1999-03-09	13.2
1999-03-10	5.9
1999-03-11	1.4000000000000001
1999-03-12	0.0
1999-03-13	0.0
1999-03-14	0.1
1999-03-15	0.0
1999-03-16	0.0
1999-03-17	0.0
1999-03-18	0.0
1999-03-19	2.0
1999-03-20	4.1000000000000005
1999-03-21	0.0
1999-03-22	27.9
1999-03-23	10.900000000000002
1999-03-24	0.3
1999-03-25	0.0
1999-03-26	0.0
1999-03-27	6.8
1999-03-28	0.0
1999-03-29	0.0
1999-03-30	0.0
1999-03-31	0.0
1999-04-01	0.0
1999-04-02	1.1
1999-04-03	0.1
1999-04-04	0.7999999999999999
1999-04-05	0.0
1999-04-06	0.1
1999-04-07	29.5
1999-04-08	4.0
1999-04-09	0.0
1999-04-10	0.0
1999-04-11	14.1
1999-04-12	7.800000000000001
1999-04-13	25.4
1999-04-14	4.4
1999-04-15	12.8
1999-04-16	11.8
1999-04-17	2.6
1999-04-18	7.7
1999-04-19	12.0
1999-04-20	0.0
1999-04-21	9.9
1999-04-22	1.2999999999999998
1999-04-23	5.1000000000000005
1999-04-24	4.199999999999999
1999-04-25	0.7
1999-04-26	0.0
1999-04-27	0.0
1999-04-28	0.0
1999-04-29	5.5
1999-04-30	6.7
1999-05-01	0.0
1999-05-02	0.0
1999-05-03	0.0
1999-05-04	0.0
1999-05-05	0.0
1999-05-06	16.1
1999-05-07	0.1
1999-05-08	14.200000000000003
1999-05-09	1.1
1999-05-10	0.7999999999999999
1999-05-11	33.8
1999-05-12	111.70000000000002
1999-05-13	24.4
1999-05-14	33.6
1999-05-15	8.2
1999-05-16	0.0
1999-05-17	0.4
1999-05-18	1.2
1999-05-19	3.4000000000000004
1999-05-20	7.0
1999-05-21	37.3
1999-05-22	14.5
1999-05-23	1.5
1999-05-24	0.0
1999-05-25	0.1
1999-05-26	0.0
1999-05-27	0.0
1999-05-28	0.0
1999-05-29	0.0
1999-05-30	0.0
1999-05-31	0.7
1999-06-01	0.0
1999-06-02	21.9
1999-06-03	5.1000000000000005
1999-06-04	18.299999999999997
1999-06-05	0.0
1999-06-06	8.3
1999-06-07	2.0
1999-06-08	24.9
1999-06-09	0.0
1999-06-10	28.1
1999-06-11	10.399999999999999
1999-06-12	3.0
1999-06-13	2.6
1999-06-14	12.700000000000001
1999-06-15	1.0
1999-06-16	0.0
1999-06-17	0.0
1999-06-18	6.0
1999-06-19	0.0
1999-06-20	0.0
1999-06-21	32.7
1999-06-22	9.2
1999-06-23	0.0
1999-06-24	0.0
1999-06-25	0.0
1999-06-26	5.6
1999-06-27	11.7
1999-06-28	3.1
1999-06-29	1.4
1999-06-30	7.300000000000001
1999-07-01	0.0
1999-07-02	0.0
1999-07-03	0.0
1999-07-04	0.0
1999-07-05	0.0
1999-07-06	27.799999999999997
1999-07-07	12.6
1999-07-08	0.0
1999-07-09	0.3
1999-07-10	1.4000000000000001
1999-07-11	2.1
1999-07-12	2.9000000000000004
1999-07-13	13.100000000000001
1999-07-14	17.299999999999997
1999-07-15	5.6000000000000005
1999-07-16	0.0
1999-07-17	0.0
1999-07-18	0.0
1999-07-19	0.0
1999-07-20	1.9
1999-07-21	0.0
1999-07-22	1.3
1999-07-23	5.4
1999-07-24	0.0
1999-07-25	0.0
1999-07-26	0.0
1999-07-27	0.0
1999-07-28	7.7
1999-07-29	0.0
1999-07-30	0.0
1999-07-31	0.0
1999-08-01	0.0
1999-08-02	0.0
1999-08-03	0.6000000000000001
1999-08-04	0.0
1999-08-05	0.0
1999-08-06	0.1
1999-08-07	2.6
1999-08-08	1.9000000000000001
1999-08-09	4.800000000000001
1999-08-10	21.800000000000004
1999-08-11	4.0
1999-08-12	29.8
1999-08-13	0.0
1999-08-14	1.0
1999-08-15	5.6
1999-08-16	8.1
1999-08-17	11.1
1999-08-18	9.8
1999-08-19	5.499999999999999
1999-08-20	32.900000000000006
1999-08-21	0.0
1999-08-22	0.0
1999-08-23	0.0
1999-08-24	6.4
1999-08-25	0.0
1999-08-26	2.7
1999-08-27	0.0
1999-08-28	5.4
1999-08-29	0.1
1999-08-30	0.0
1999-08-31	0.0
1999-09-01	0.0
1999-09-02	0.0
1999-09-03	0.0
1999-09-04	0.0
1999-09-05	0.0
1999-09-06	0.0
1999-09-07	0.0
1999-09-08	0.0
1999-09-09	0.0
1999-09-10	0.0
1999-09-11	0.0
1999-09-12	0.0
1999-09-13	0.0
1999-09-14	0.0
1999-09-15	0.0
1999-09-16	0.5
1999-09-17	5.3
1999-09-18	0.0
1999-09-19	0.0
1999-09-20	18.0
1999-09-21	3.1
1999-09-22	0.9
1999-09-23	4.7
1999-09-24	7.0
1999-09-25	3.2
1999-09-26	23.5
1999-09-27	0.0
1999-09-28	9.4
1999-09-29	11.8
1999-09-30	10.999999999999998
1999-10-01	2.5
1999-10-02	0.0
1999-10-03	20.1
1999-10-04	10.899999999999999
1999-10-05	6.200000000000001
1999-10-06	0.0
1999-10-07	0.0
1999-10-08	0.0
1999-10-09	0.0
1999-10-10	0.0
1999-10-11	0.0
1999-10-12	0.0
1999-10-13	0.2
1999-10-14	0.0
1999-10-15	0.0
1999-10-16	0.0
1999-10-17	0.0
1999-10-18	0.0
1999-10-19	0.0
1999-10-20	4.141511208
1999-10-21	3.4131201339999997
1999-10-22	2.805038464
1999-10-23	2.196956794
1999-10-24	1.588875126
1999-10-25	0.980793456
1999-10-26	0.372711785
1999-10-27	0.002333441
1999-10-28	0.0
1999-10-29	0.1
1999-10-30	0.0
1999-10-31	15.3
1999-11-01	0.0
1999-11-02	1.4
1999-11-03	19.900000000000002
1999-11-04	0.1
1999-11-05	0.0
1999-11-06	11.8
1999-11-07	0.0
1999-11-08	0.7
1999-11-09	18.8
1999-11-10	36.2
1999-11-11	1.2
1999-11-12	0.0
1999-11-13	0.0
1999-11-14	0.0
1999-11-15	6.1
1999-11-16	0.7
1999-11-17	5.1
1999-11-18	1.5
1999-11-19	0.0
1999-11-20	0.0
1999-11-21	0.0
1999-11-22	0.5
1999-11-23	7.0
1999-11-24	0.0
1999-11-25	0.0
1999-11-26	0.1
1999-11-27	0.0
1999-11-28	0.0
1999-11-29	0.0
1999-11-30	0.0
1999-12-01	0.4
1999-12-02	4.219469667
1999-12-03	0.0
1999-12-04	0.0
1999-12-05	0.0
1999-12-06	0.0
1999-12-07	0.0
1999-12-08	1.5
1999-12-09	0.0
1999-12-10	2.6
1999-12-11	2.1
1999-12-12	6.0
1999-12-13	4.4
1999-12-14	13.6
1999-12-15	3.9
1999-12-16	0.0
1999-12-17	0.0
1999-12-18	8.4
1999-12-19	21.800000000000004
1999-12-20	0.4
1999-12-21	0.7000000000000001
1999-12-22	0.0
1999-12-23	0.0
1999-12-24	0.0
1999-12-25	19.7
1999-12-26	11.299999999999999
1999-12-27	19.6
1999-12-28	10.3
1999-12-29	2.4000000000000004
1999-12-30	0.0
1999-12-31	0.30000000000000004
2000-01-01	0.30000000000000004
2000-01-02	0.1
2000-01-03	0.0
2000-01-04	2.1
2000-01-05	3.4000000000000004
2000-01-06	0.0
2000-01-07	0.0
2000-01-08	0.0
2000-01-09	0.6
2000-01-10	1.0
2000-01-11	0.0
2000-01-12	0.0
2000-01-13	0.0
2000-01-14	0.0
2000-01-15	0.0
2000-01-16	0.0
2000-01-17	0.0
2000-01-18	0.2
2000-01-19	0.4
2000-01-20	0.0
2000-01-21	0.1
2000-01-22	3.1
2000-01-23	4.1
2000-01-24	1.0
2000-01-25	0.0
2000-01-26	0.0
2000-01-27	0.0
2000-01-28	0.0
2000-01-29	8.7
2000-01-30	15.399999999999999
2000-01-31	0.0
2000-02-01	0.0
2000-02-02	12.1
2000-02-03	0.1
2000-02-04	0.0
2000-02-05	0.0
2000-02-06	0.0
2000-02-07	1.0
2000-02-08	27.1
2000-02-09	3.1999999999999997
2000-02-10	0.0
2000-02-11	8.9
2000-02-12	0.0
2000-02-13	6.199999999999999
2000-02-14	0.1
2000-02-15	7.6
2000-02-16	4.7
2000-02-17	3.2
2000-02-18	7.800000000000001
2000-02-19	6.0
2000-02-20	3.5
2000-02-21	0.0
2000-02-22	0.0
2000-02-23	0.0
2000-02-24	0.30000000000000004
2000-02-25	9.0
2000-02-26	0.4
2000-02-27	0.0
2000-02-28	0.0
2000-02-29	11.0
2000-03-01	19.0
2000-03-02	1.0
2000-03-03	0.0
2000-03-04	15.2
2000-03-05	0.0
2000-03-06	0.0
2000-03-07	0.0
2000-03-08	3.9
2000-03-09	0.8
2000-03-10	0.5
2000-03-11	0.0
2000-03-12	0.0
2000-03-13	0.0
2000-03-14	7.3999999999999995
2000-03-15	5.300000000000001
2000-03-16	0.7000000000000001
2000-03-17	0.0
2000-03-18	14.799999999999999
2000-03-19	1.7
2000-03-20	0.0
2000-03-21	0.0
2000-03-22	0.0
2000-03-23	0.0
2000-03-24	3.6
2000-03-25	0.0
2000-03-26	14.5
2000-03-27	14.0
2000-03-28	6.7
2000-03-29	7.1
2000-03-30	1.1
2000-03-31	0.0
2000-04-01	1.9
2000-04-02	0.0
2000-04-03	0.0
2000-04-04	0.0
2000-04-05	12.0
2000-04-06	6.6000000000000005
2000-04-07	0.0
2000-04-08	0.0
2000-04-09	0.0
2000-04-10	0.0
2000-04-11	7.2
2000-04-12	15.600000000000001
2000-04-13	6.300000000000001
2000-04-14	0.0
2000-04-15	0.1
2000-04-16	0.0
2000-04-17	1.6
2000-04-18	6.0
2000-04-19	0.0
2000-04-20	0.0
2000-04-21	0.0
2000-04-22	0.0
2000-04-23	1.1
2000-04-24	20.4
2000-04-25	0.0
2000-04-26	0.0
2000-04-27	0.0
2000-04-28	0.0
2000-04-29	0.0
2000-04-30	0.0
2000-05-01	0.0
2000-05-02	0.0
2000-05-03	0.30000000000000004
2000-05-04	4.699999999999999
2000-05-05	11.1
2000-05-06	0.1
2000-05-07	0.0
2000-05-08	16.1
2000-05-09	0.1
2000-05-10	0.0
2000-05-11	0.0
2000-05-12	2.4
2000-05-13	1.7
2000-05-14	0.0
2000-05-15	0.0
2000-05-16	0.4
2000-05-17	4.1
2000-05-18	11.7
2000-05-19	3.9000000000000004
2000-05-20	0.6
2000-05-21	9.6
2000-05-22	8.8
2000-05-23	0.0
2000-05-24	0.0
2000-05-25	0.0
2000-05-26	0.0
2000-05-27	1.2000000000000002
2000-05-28	8.8
2000-05-29	9.2
2000-05-30	21.700000000000003
2000-05-31	30.1
2000-06-01	0.0
2000-06-02	0.0
2000-06-03	0.30000000000000004
2000-06-04	0.0
2000-06-05	10.7
2000-06-06	4.9
2000-06-07	0.0
2000-06-08	0.0
2000-06-09	0.0
2000-06-10	0.1
2000-06-11	27.3
2000-06-12	4.4
2000-06-13	15.299999999999999
2000-06-14	0.1
2000-06-15	10.4
2000-06-16	0.0
2000-06-17	0.0
2000-06-18	0.0
2000-06-19	0.0
2000-06-20	0.0
2000-06-21	0.0
2000-06-22	2.0
2000-06-23	0.8
2000-06-24	7.800000000000001
2000-06-25	1.7
2000-06-26	0.0
2000-06-27	0.0
2000-06-28	2.1
2000-06-29	0.0
2000-06-30	0.0
2000-07-01	1.4
2000-07-02	12.0
2000-07-03	45.400000000000006
2000-07-04	13.799999999999999
2000-07-05	0.0
2000-07-06	0.0
2000-07-07	15.200000000000003
2000-07-08	18.4
2000-07-09	9.1
2000-07-10	34.6
2000-07-11	4.0
2000-07-12	17.2
2000-07-13	3.0
2000-07-14	29.1
2000-07-15	15.3
2000-07-16	4.300000000000001
2000-07-17	0.0
2000-07-18	0.0
2000-07-19	0.0
2000-07-20	0.0
2000-07-21	0.0
2000-07-22	0.0
2000-07-23	0.9000000000000001
2000-07-24	6.800000000000001
2000-07-25	5.1
2000-07-26	6.8
2000-07-27	0.0
2000-07-28	32.5
2000-07-29	25.2
2000-07-30	0.1
2000-07-31	0.0
2000-08-01	0.0
2000-08-02	0.6
2000-08-03	4.5
2000-08-04	0.0
2000-08-05	14.5
2000-08-06	27.699999999999996
2000-08-07	5.2
2000-08-08	1.9000000000000001
2000-08-09	1.0
2000-08-10	0.0
2000-08-11	0.0
2000-08-12	0.0
2000-08-13	0.0
2000-08-14	0.0
2000-08-15	0.0
2000-08-16	0.0
2000-08-17	0.0
2000-08-18	6.0
2000-08-19	0.7
2000-08-20	10.200000000000001
2000-08-21	32.3
2000-08-22	0.0
2000-08-23	0.0
2000-08-24	0.0
2000-08-25	0.0
2000-08-26	0.0
2000-08-27	18.9
2000-08-28	0.4
2000-08-29	0.0
2000-08-30	4.5
2000-08-31	24.2
2000-09-01	0.2
2000-09-02	6.199999999999999
2000-09-03	21.4
2000-09-04	4.9
2000-09-05	0.0
2000-09-06	6.300000000000001
2000-09-07	16.0
2000-09-08	0.0
2000-09-09	0.0
2000-09-10	0.0
2000-09-11	0.0
2000-09-12	0.0
2000-09-13	9.3
2000-09-14	2.7
2000-09-15	0.1
2000-09-16	6.8
2000-09-17	0.1
2000-09-18	0.0
2000-09-19	0.0
2000-09-20	46.400000000000006
2000-09-21	44.199999999999996
2000-09-22	0.0
2000-09-23	0.0
2000-09-24	0.0
2000-09-25	0.0
2000-09-26	0.0
2000-09-27	0.0
2000-09-28	0.0
2000-09-29	0.0
2000-09-30	7.5
2000-10-01	0.7
2000-10-02	11.600000000000001
2000-10-03	0.1
2000-10-04	0.0
2000-10-05	1.5
2000-10-06	12.5
2000-10-07	0.1
2000-10-08	4.0
2000-10-09	9.4
2000-10-10	15.0
2000-10-11	12.8
2000-10-12	1.5
2000-10-13	3.3
2000-10-14	0.0
2000-10-15	0.9
2000-10-16	0.0
2000-10-17	0.30000000000000004
2000-10-18	0.0
2000-10-19	0.1
2000-10-20	0.0
2000-10-21	0.0
2000-10-22	0.1
2000-10-23	0.1
2000-10-24	13.8
2000-10-25	0.1
2000-10-26	20.7
2000-10-27	2.9000000000000004
2000-10-28	0.0
2000-10-29	0.0
2000-10-30	0.0
2000-10-31	14.1
2000-11-01	0.0
2000-11-02	0.0
2000-11-03	8.7
2000-11-04	7.6
2000-11-05	1.3
2000-11-06	6.3999999999999995
2000-11-07	0.0
2000-11-08	0.0
2000-11-09	0.8
2000-11-10	2.0
2000-11-11	0.7
2000-11-12	0.0
2000-11-13	0.0
2000-11-14	12.4
2000-11-15	0.1
2000-11-16	0.1
2000-11-17	24.299999999999997
2000-11-18	0.4
2000-11-19	2.1
2000-11-20	5.800000000000001
2000-11-21	1.0
2000-11-22	1.2
2000-11-23	0.0
2000-11-24	3.7
2000-11-25	3.0000000000000004
2000-11-26	7.3
2000-11-27	1.4
2000-11-28	3.8
2000-11-29	0.0
2000-11-30	0.0
2000-12-01	0.0
2000-12-02	0.0
2000-12-03	0.1
2000-12-04	0.0
2000-12-05	0.0
2000-12-06	0.7000000000000001
2000-12-07	0.0
2000-12-08	0.0
2000-12-09	1.2000000000000002
2000-12-10	2.5
2000-12-11	0.0
2000-12-12	0.0
2000-12-13	0.0
2000-12-14	4.9
2000-12-15	22.200000000000003
2000-12-16	2.2
2000-12-17	0.9
2000-12-18	0.0
2000-12-19	0.7000000000000001
2000-12-20	0.0
2000-12-21	0.0
2000-12-22	0.0
2000-12-23	0.0
2000-12-24	0.0
2000-12-25	1.3
2000-12-26	1.7
2000-12-27	0.0
2000-12-28	3.6
2000-12-29	2.3
2000-12-30	0.30000000000000004
2000-12-31	0.0
2001-01-01	0.1
2001-01-02	12.899999999999999
2001-01-03	4.500000000000001
2001-01-04	2.8
2001-01-05	1.2000000000000002
2001-01-06	23.799999999999997
2001-01-07	23.1
2001-01-08	15.4
2001-01-09	0.0
2001-01-10	0.1
2001-01-11	0.0
2001-01-12	0.1
2001-01-13	0.0
2001-01-14	0.0
2001-01-15	0.0
2001-01-16	0.0
2001-01-17	0.0
2001-01-18	0.0
2001-01-19	0.0
2001-01-20	0.4
2001-01-21	0.2
2001-01-22	2.2
2001-01-23	1.7999999999999998
2001-01-24	8.9
2001-01-25	7.0
2001-01-26	0.0
2001-01-27	2.1
2001-01-28	0.0
2001-01-29	0.0
2001-01-30	0.1
2001-01-31	0.0
2001-02-01	2.1
2001-02-02	0.4
2001-02-03	16.299999999999997
2001-02-04	18.3
2001-02-05	0.6
2001-02-06	1.1
2001-02-07	0.0
2001-02-08	0.0
2001-02-09	4.1000000000000005
2001-02-10	0.0
2001-02-11	0.0
2001-02-12	0.0
2001-02-13	0.0
2001-02-14	0.0
2001-02-15	0.0
2001-02-16	0.0
2001-02-17	0.7
2001-02-18	0.0
2001-02-19	0.0
2001-02-20	0.0
2001-02-21	0.0
2001-02-22	14.799999999999999
2001-02-23	21.6
2001-02-24	1.4000000000000001
2001-02-25	0.0
2001-02-26	0.0
2001-02-27	0.0
2001-02-28	0.0
2001-03-01	3.0999999999999996
2001-03-02	7.2
2001-03-03	14.2
2001-03-04	42.0
2001-03-05	6.6
2001-03-06	0.0
2001-03-07	1.8
2001-03-08	1.4
2001-03-09	11.6
2001-03-10	6.199999999999999
2001-03-11	10.8
2001-03-12	19.700000000000003
2001-03-13	25.4
2001-03-14	23.6
2001-03-15	14.3
2001-03-16	0.0
2001-03-17	11.0
2001-03-18	7.8999999999999995
2001-03-19	6.8
2001-03-20	17.0
2001-03-21	32.3
2001-03-22	14.4
2001-03-23	7.1000000000000005
2001-03-24	3.3
2001-03-25	17.6
2001-03-26	4.0
2001-03-27	0.4
2001-03-28	3.9
2001-03-29	3.3
2001-03-30	7.6
2001-03-31	0.0
2001-04-01	0.0
2001-04-02	0.0
2001-04-03	0.0
2001-04-04	23.2
2001-04-05	2.5
2001-04-06	9.0
2001-04-07	21.799999999999997
2001-04-08	1.7
2001-04-09	13.400000000000002
2001-04-10	33.9
2001-04-11	9.9
2001-04-12	0.1
2001-04-13	0.9
2001-04-14	4.0
2001-04-15	23.700000000000003
2001-04-16	19.9
2001-04-17	1.1
2001-04-18	10.0
2001-04-19	11.1
2001-04-20	5.7
2001-04-21	18.2
2001-04-22	7.6
2001-04-23	0.0
2001-04-24	0.0
2001-04-25	3.7
2001-04-26	5.0
2001-04-27	0.1
2001-04-28	2.9000000000000004
2001-04-29	0.0
2001-04-30	0.0
2001-05-01	0.0
2001-05-02	0.0
2001-05-03	0.0
2001-05-04	15.899999999999999
2001-05-05	9.100000000000001
2001-05-06	3.4
2001-05-07	2.1
2001-05-08	0.1
2001-05-09	0.0
2001-05-10	0.0
2001-05-11	0.0
2001-05-12	0.0
2001-05-13	0.0
2001-05-14	0.4
2001-05-15	9.1
2001-05-16	0.4
2001-05-17	16.6
2001-05-18	13.799999999999999
2001-05-19	0.0
2001-05-20	0.0
2001-05-21	0.0
2001-05-22	0.0
2001-05-23	0.0
2001-05-24	3.9000000000000004
2001-05-25	2.4
2001-05-26	0.0
2001-05-27	0.0
2001-05-28	0.0
2001-05-29	0.0
2001-05-30	0.1
2001-05-31	12.8
2001-06-01	0.0
2001-06-02	18.7
2001-06-03	32.7
2001-06-04	0.0
2001-06-05	0.0
2001-06-06	18.3
2001-06-07	2.2
2001-06-08	16.8
2001-06-09	17.400000000000002
2001-06-10	33.7
2001-06-11	5.9
2001-06-12	0.0
2001-06-13	0.3
2001-06-14	0.0
2001-06-15	8.5
2001-06-16	12.3
2001-06-17	14.2
2001-06-18	10.399999999999999
2001-06-19	1.2999999999999998
2001-06-20	0.0
2001-06-21	0.0
2001-06-22	0.0
2001-06-23	0.0
2001-06-24	0.0
2001-06-25	0.0
2001-06-26	0.0
2001-06-27	3.2
2001-06-28	22.9
2001-06-29	0.0
2001-06-30	0.0
2001-07-01	0.0
2001-07-02	0.0
2001-07-03	0.0
2001-07-04	0.0
2001-07-05	0.0
2001-07-06	0.0
2001-07-07	12.8
2001-07-08	3.3
2001-07-09	0.0
2001-07-10	3.8000000000000003
2001-07-11	0.7
2001-07-12	0.0
2001-07-13	20.2
2001-07-14	0.4
2001-07-15	50.8
2001-07-16	1.3
2001-07-17	0.2
2001-07-18	8.899999999999999
2001-07-19	0.0
2001-07-20	12.0
2001-07-21	0.1
2001-07-22	0.0
2001-07-23	3.8
2001-07-24	0.0
2001-07-25	0.0
2001-07-26	0.0
2001-07-27	0.0
2001-07-28	0.0
2001-07-29	0.0
2001-07-30	0.0
2001-07-31	0.0
2001-08-01	0.0
2001-08-02	0.0
2001-08-03	16.9
2001-08-04	14.1
2001-08-05	2.5
2001-08-06	0.7
2001-08-07	4.8
2001-08-08	11.100000000000001
2001-08-09	2.4
2001-08-10	4.9
2001-08-11	0.0
2001-08-12	0.0
2001-08-13	0.0
2001-08-14	0.0
2001-08-15	0.0
2001-08-16	5.5
2001-08-17	3.2
2001-08-18	0.0
2001-08-19	0.7999999999999999
2001-08-20	9.0
2001-08-21	0.1
2001-08-22	0.0
2001-08-23	0.0
2001-08-24	0.0
2001-08-25	0.0
2001-08-26	0.0
2001-08-27	0.0
2001-08-28	0.0
2001-08-29	0.0
2001-08-30	10.6
2001-08-31	3.1000000000000005
2001-09-01	5.0
2001-09-02	0.0
2001-09-03	0.0
2001-09-04	18.2
2001-09-05	6.5
2001-09-06	3.9000000000000004
2001-09-07	3.9000000000000004
2001-09-08	44.800000000000004
2001-09-09	4.800000000000001
2001-09-10	1.4000000000000001
2001-09-11	0.0
2001-09-12	5.4
2001-09-13	0.0
2001-09-14	28.0
2001-09-15	0.2
2001-09-16	34.5
2001-09-17	27.3
2001-09-18	0.1
2001-09-19	0.5
2001-09-20	13.0
2001-09-21	11.2
2001-09-22	20.6
2001-09-23	1.9
2001-09-24	2.4000000000000004
2001-09-25	3.8
2001-09-26	0.0
2001-09-27	0.0
2001-09-28	0.0
2001-09-29	0.0
2001-09-30	3.0
2001-10-01	0.1
2001-10-02	0.0
2001-10-03	0.0
2001-10-04	3.4
2001-10-05	0.0
2001-10-06	0.5
2001-10-07	5.7
2001-10-08	0.1
2001-10-09	0.0
2001-10-10	0.0
2001-10-11	0.0
2001-10-12	0.0
2001-10-13	0.0
2001-10-14	0.0
2001-10-15	0.0
2001-10-16	0.0
2001-10-17	0.0
2001-10-18	0.0
2001-10-19	0.0
2001-10-20	0.7999999999999999
2001-10-21	4.5
2001-10-22	2.2
2001-10-23	5.3
2001-10-24	7.7
2001-10-25	22.1
2001-10-26	0.0
2001-10-27	0.0
2001-10-28	0.0
2001-10-29	0.0
2001-10-30	0.0
2001-10-31	12.6
2001-11-01	1.9
2001-11-02	0.0
2001-11-03	0.0
2001-11-04	0.0
2001-11-05	0.0
2001-11-06	10.599999999999998
2001-11-07	32.9
2001-11-08	10.299999999999999
2001-11-09	4.2
2001-11-10	0.1
2001-11-11	0.0
2001-11-12	0.0
2001-11-13	7.0
2001-11-14	3.7
2001-11-15	0.0
2001-11-16	0.0
2001-11-17	0.0
2001-11-18	0.0
2001-11-19	0.0
2001-11-20	0.0
2001-11-21	0.0
2001-11-22	19.1
2001-11-23	4.2
2001-11-24	2.0
2001-11-25	6.1
2001-11-26	2.7
2001-11-27	9.4
2001-11-28	5.2
2001-11-29	2.5
2001-11-30	23.200000000000003
2001-12-01	2.2
2001-12-02	0.1
2001-12-03	0.1
2001-12-04	6.8
2001-12-05	5.4
2001-12-06	2.9999999999999996
2001-12-07	0.0
2001-12-08	0.0
2001-12-09	0.0
2001-12-10	0.0
2001-12-11	0.0
2001-12-12	0.1
2001-12-13	2.8000000000000003
2001-12-14	0.0
2001-12-15	0.0
2001-12-16	0.0
2001-12-17	0.0
2001-12-18	0.0
2001-12-19	0.0
2001-12-20	0.5
2001-12-21	0.0
2001-12-22	5.1
2001-12-23	1.1
2001-12-24	0.0
2001-12-25	0.4
2001-12-26	11.6
2001-12-27	0.6000000000000001
2001-12-28	3.2
2001-12-29	53.599999999999994
2001-12-30	9.2
2001-12-31	0.8
2002-01-01	0.0
2002-01-02	0.0
2002-01-03	0.0
2002-01-04	0.0
2002-01-05	0.0
2002-01-06	0.0
2002-01-07	0.0
2002-01-08	0.0
2002-01-09	0.0
2002-01-10	0.0
2002-01-11	0.0
2002-01-12	0.30000000000000004
2002-01-13	0.0
2002-01-14	0.0
2002-01-15	0.0
2002-01-16	0.0
2002-01-17	0.0
2002-01-18	0.0
2002-01-19	1.4000000000000001
2002-01-20	0.0
2002-01-21	1.9000000000000001
2002-01-22	0.0
2002-01-23	0.1
2002-01-24	3.0
2002-01-25	0.1
2002-01-26	3.2
2002-01-27	20.5
2002-01-28	0.0
2002-01-29	0.0
2002-01-30	0.0
2002-01-31	0.0
2002-02-01	0.3
2002-02-02	0.0
2002-02-03	0.0
2002-02-04	0.0
2002-02-05	0.0
2002-02-06	10.9
2002-02-07	2.0
2002-02-08	11.000000000000002
2002-02-09	3.4
2002-02-10	5.0
2002-02-11	0.0
2002-02-12	0.0
2002-02-13	0.0
2002-02-14	0.0
2002-02-15	0.0
2002-02-16	0.0
2002-02-17	0.0
2002-02-18	0.7000000000000001
2002-02-19	2.8
2002-02-20	16.4
2002-02-21	5.0
2002-02-22	3.8
2002-02-23	15.7
2002-02-24	5.1000000000000005
2002-02-25	5.7
2002-02-26	0.9999999999999999
2002-02-27	24.200000000000003
2002-02-28	18.2
2002-03-01	4.2
2002-03-02	12.3
2002-03-03	0.30000000000000004
2002-03-04	0.0
2002-03-05	0.0
2002-03-06	0.0
2002-03-07	0.0
2002-03-08	0.0
2002-03-09	0.0
2002-03-10	0.0
2002-03-11	0.0
2002-03-12	0.0
2002-03-13	0.0
2002-03-14	0.0
2002-03-15	0.0
2002-03-16	0.0
2002-03-17	0.0
2002-03-18	1.0
2002-03-19	40.8
2002-03-20	12.2
2002-03-21	6.8999999999999995
2002-03-22	13.9
2002-03-23	5.9
2002-03-24	3.4000000000000004
2002-03-25	0.0
2002-03-26	0.0
2002-03-27	0.0
2002-03-28	0.0
2002-03-29	0.0
2002-03-30	0.0
2002-03-31	0.0
2002-04-01	0.0
2002-04-02	0.0
2002-04-03	0.0
2002-04-04	0.0
2002-04-05	0.0
2002-04-06	0.0
2002-04-07	0.0
2002-04-08	1.4000000000000001
2002-04-09	0.0
2002-04-10	0.0
2002-04-11	0.0
2002-04-12	1.4000000000000001
2002-04-13	17.7
2002-04-14	10.8
2002-04-15	2.1999999999999997
2002-04-16	0.30000000000000004
2002-04-17	0.0
2002-04-18	0.0
2002-04-19	1.7
2002-04-20	4.0
2002-04-21	0.0
2002-04-22	0.0
2002-04-23	0.0
2002-04-24	32.5
2002-04-25	5.9
2002-04-26	19.2
2002-04-27	2.7
2002-04-28	0.0
2002-04-29	0.2
2002-04-30	0.0
2002-05-01	0.0
2002-05-02	4.8
2002-05-03	34.099999999999994
2002-05-04	9.8
2002-05-05	0.7
2002-05-06	0.7
2002-05-07	0.0
2002-05-08	0.0
2002-05-09	0.0
2002-05-10	0.4
2002-05-11	1.3
2002-05-12	24.7
2002-05-13	2.4
2002-05-14	0.4
2002-05-15	0.0
2002-05-16	0.0
2002-05-17	0.0
2002-05-18	10.8
2002-05-19	2.6
2002-05-20	0.1
2002-05-21	0.0
2002-05-22	0.0
2002-05-23	12.8
2002-05-24	3.4000000000000004
2002-05-25	0.7999999999999999
2002-05-26	2.1
2002-05-27	29.299999999999997
2002-05-28	1.4000000000000004
2002-05-29	0.0
2002-05-30	0.0
2002-05-31	0.0
2002-06-01	0.0
2002-06-02	0.0
2002-06-03	6.300000000000001
2002-06-04	0.8
2002-06-05	0.0
2002-06-06	5.2
2002-06-07	14.2
2002-06-08	0.9000000000000001
2002-06-09	12.399999999999999
2002-06-10	15.6
2002-06-11	0.0
2002-06-12	0.0
2002-06-13	0.0
2002-06-14	0.0
2002-06-15	0.0
2002-06-16	0.0
2002-06-17	0.0
2002-06-18	0.0
2002-06-19	0.4
2002-06-20	0.2
2002-06-21	0.2
2002-06-22	0.1
2002-06-23	0.0
2002-06-24	26.7
2002-06-25	0.0
2002-06-26	0.0
2002-06-27	3.9
2002-06-28	13.7
2002-06-29	0.0
2002-06-30	0.0
2002-07-01	0.1
2002-07-02	3.0999999999999996
2002-07-03	1.8
2002-07-04	7.2
2002-07-05	0.0
2002-07-06	12.2
2002-07-07	0.0
2002-07-08	0.0
2002-07-09	1.9000000000000001
2002-07-10	3.3000000000000003
2002-07-11	0.0
2002-07-12	0.0
2002-07-13	16.7
2002-07-14	4.1
2002-07-15	2.3
2002-07-16	0.0
2002-07-17	22.5
2002-07-18	1.9000000000000001
2002-07-19	0.0
2002-07-20	0.0
2002-07-21	5.3
2002-07-22	0.0
2002-07-23	0.0
2002-07-24	0.0
2002-07-25	0.4
2002-07-26	0.2
2002-07-27	0.0
2002-07-28	0.0
2002-07-29	0.0
2002-07-30	0.9
2002-07-31	31.7
2002-08-01	1.1
2002-08-02	0.0
2002-08-03	5.1
2002-08-04	1.9000000000000001
2002-08-05	0.1
2002-08-06	9.1
2002-08-07	5.6
2002-08-08	0.0
2002-08-09	8.2
2002-08-10	18.599999999999998
2002-08-11	49.300000000000004
2002-08-12	4.0
2002-08-13	0.3
2002-08-14	0.0
2002-08-15	0.0
2002-08-16	0.0
2002-08-17	0.0
2002-08-18	0.0
2002-08-19	0.0
2002-08-20	19.9
2002-08-21	4.9
2002-08-22	0.0
2002-08-23	0.0
2002-08-24	0.1
2002-08-25	0.0
2002-08-26	0.0
2002-08-27	0.30000000000000004
2002-08-28	0.1
2002-08-29	2.6
2002-08-30	0.30000000000000004
2002-08-31	61.5
2002-09-01	34.8
2002-09-02	0.0
2002-09-03	2.8
2002-09-04	4.8
2002-09-05	0.1
2002-09-06	0.8999999999999999
2002-09-07	0.3
2002-09-08	0.1
2002-09-09	5.0
2002-09-10	11.900000000000002
2002-09-11	0.1
2002-09-12	0.0
2002-09-13	0.0
2002-09-14	0.0
2002-09-15	0.5
2002-09-16	0.0
2002-09-17	0.0
2002-09-18	0.0
2002-09-19	22.200000000000003
2002-09-20	28.699999999999996
2002-09-21	2.2
2002-09-22	10.299999999999999
2002-09-23	53.7
2002-09-24	48.7
2002-09-25	4.300000000000001
2002-09-26	4.2
2002-09-27	2.7
2002-09-28	0.1
2002-09-29	0.0
2002-09-30	0.0
2002-10-01	0.0
2002-10-02	0.0
2002-10-03	0.0
2002-10-04	6.1000000000000005
2002-10-05	0.7
2002-10-06	33.4
2002-10-07	2.8
2002-10-08	0.2
2002-10-09	0.0
2002-10-10	0.2
2002-10-11	1.3
2002-10-12	2.7
2002-10-13	2.5999999999999996
2002-10-14	23.4
2002-10-15	7.1
2002-10-16	3.1
2002-10-17	36.0
2002-10-18	14.4
2002-10-19	11.899999999999999
2002-10-20	0.0
2002-10-21	1.3
2002-10-22	0.6
2002-10-23	8.9
2002-10-24	0.6000000000000001
2002-10-25	18.2
2002-10-26	0.1
2002-10-27	0.0
2002-10-28	1.4000000000000001
2002-10-29	0.0
2002-10-30	0.0
2002-10-31	0.0
2002-11-01	0.0
2002-11-02	42.7
2002-11-03	22.9
2002-11-04	23.3
2002-11-05	10.7
2002-11-06	0.0
2002-11-07	20.5
2002-11-08	0.1
2002-11-09	25.4
2002-11-10	7.199999999999999
2002-11-11	13.2
2002-11-12	0.0
2002-11-13	0.0
2002-11-14	7.4
2002-11-15	0.2
2002-11-16	19.799999999999997
2002-11-17	0.0
2002-11-18	4.8
2002-11-19	11.2
2002-11-20	0.0
2002-11-21	0.0
2002-11-22	10.2
2002-11-23	0.0
2002-11-24	0.0
2002-11-25	5.6000000000000005
2002-11-26	7.4
2002-11-27	1.7
2002-11-28	0.8
2002-11-29	9.399999999999999
2002-11-30	0.9
2002-12-01	0.0
2002-12-02	8.3
2002-12-03	8.2
2002-12-04	0.2
2002-12-05	0.5
2002-12-06	2.9
2002-12-07	0.7000000000000001
2002-12-08	0.0
2002-12-09	0.0
2002-12-10	0.0
2002-12-11	0.0
2002-12-12	0.0
2002-12-13	0.4
2002-12-14	0.0
2002-12-15	0.7000000000000001
2002-12-16	28.4
2002-12-17	20.799999999999997
2002-12-18	1.9
2002-12-19	0.0
2002-12-20	2.2
2002-12-21	10.4
2002-12-22	17.4
2002-12-23	0.6
2002-12-24	0.1
2002-12-25	0.0
2002-12-26	0.6000000000000001
2002-12-27	0.0
2002-12-28	12.8
2002-12-29	6.4
2002-12-30	2.6
2002-12-31	9.8
2003-01-01	1.4
2003-01-02	30.0
2003-01-03	1.4000000000000001
2003-01-04	27.500000000000004
2003-01-05	0.8
2003-01-06	0.0
2003-01-07	3.3000000000000003
2003-01-08	0.0
2003-01-09	0.0
2003-01-10	0.0
2003-01-11	0.0
2003-01-12	0.0
2003-01-13	1.1
2003-01-14	0.8
2003-01-15	0.0
2003-01-16	0.2
2003-01-17	0.0
2003-01-18	0.0
2003-01-19	0.5
2003-01-20	0.1
2003-01-21	0.0
2003-01-22	1.2000000000000002
2003-01-23	11.1
2003-01-24	4.4
2003-01-25	0.0
2003-01-26	0.6000000000000001
2003-01-27	3.0
2003-01-28	9.2
2003-01-29	5.3
2003-01-30	4.5
2003-01-31	2.6
2003-02-01	0.0
2003-02-02	0.5
2003-02-03	26.6
2003-02-04	20.8
2003-02-05	2.9000000000000004
2003-02-06	2.8000000000000003
2003-02-07	0.0
2003-02-08	0.0
2003-02-09	0.0
2003-02-10	0.0
2003-02-11	0.0
2003-02-12	0.0
2003-02-13	0.0
2003-02-14	0.0
2003-02-15	0.0
2003-02-16	0.0
2003-02-17	0.0
2003-02-18	0.0
2003-02-19	0.0
2003-02-20	0.0
2003-02-21	0.0
2003-02-22	0.0
2003-02-23	0.0
2003-02-24	0.0
2003-02-25	0.0
2003-02-26	0.0
2003-02-27	0.0
2003-02-28	0.0
2003-03-01	0.0
2003-03-02	15.700000000000001
2003-03-03	6.0
2003-03-04	0.0
2003-03-05	0.0
2003-03-06	12.0
2003-03-07	0.7
2003-03-08	0.30000000000000004
2003-03-09	0.0
2003-03-10	0.0
2003-03-11	0.0
2003-03-12	15.299999999999999
2003-03-13	0.0
2003-03-14	0.0
2003-03-15	0.0
2003-03-16	0.0
2003-03-17	0.0
2003-03-18	0.0
2003-03-19	0.0
2003-03-20	0.0
2003-03-21	0.0
2003-03-22	0.0
2003-03-23	0.0
2003-03-24	0.0
2003-03-25	0.0
2003-03-26	0.0
2003-03-27	0.0
2003-03-28	0.0
2003-03-29	0.0
2003-03-30	1.3
2003-03-31	9.3
2003-04-01	0.0
2003-04-02	15.100000000000001
2003-04-03	4.8
2003-04-04	0.1
2003-04-05	0.30000000000000004
2003-04-06	0.0
2003-04-07	2.3
2003-04-08	0.0
2003-04-09	3.9000000000000004
2003-04-10	4.0
2003-04-11	0.5
2003-04-12	0.1
2003-04-13	0.0
2003-04-14	0.0
2003-04-15	0.0
2003-04-16	0.0
2003-04-17	0.0
2003-04-18	0.0
2003-04-19	0.0
2003-04-20	0.0
2003-04-21	18.8
2003-04-22	0.0
2003-04-23	0.0
2003-04-24	0.0
2003-04-25	0.0
2003-04-26	12.0
2003-04-27	1.4000000000000001
2003-04-28	0.0
2003-04-29	1.6
2003-04-30	8.7
2003-05-01	0.0
2003-05-02	9.6
2003-05-03	15.600000000000001
2003-05-04	0.0
2003-05-05	0.0
2003-05-06	0.0
2003-05-07	0.0
2003-05-08	6.6
2003-05-09	2.4000000000000004
2003-05-10	12.5
2003-05-11	8.299999999999999
2003-05-12	4.0
2003-05-13	12.0
2003-05-14	7.699999999999999
2003-05-15	0.1
2003-05-16	0.0
2003-05-17	0.5
2003-05-18	3.8
2003-05-19	24.700000000000003
2003-05-20	13.399999999999999
2003-05-21	9.2
2003-05-22	6.2
2003-05-23	0.5
2003-05-24	0.0
2003-05-25	2.9000000000000004
2003-05-26	2.8
2003-05-27	7.8
2003-05-28	0.0
2003-05-29	4.0
2003-05-30	0.1
2003-05-31	0.1
2003-06-01	0.0
2003-06-02	0.0
2003-06-03	0.0
2003-06-04	0.0
2003-06-05	17.6
2003-06-06	4.199999999999999
2003-06-07	0.0
2003-06-08	2.7
2003-06-09	5.8999999999999995
2003-06-10	0.0
2003-06-11	0.0
2003-06-12	18.700000000000003
2003-06-13	6.8999999999999995
2003-06-14	0.0
2003-06-15	1.5
2003-06-16	0.0
2003-06-17	9.5
2003-06-18	3.6
2003-06-19	0.0
2003-06-20	0.0
2003-06-21	0.0
2003-06-22	0.0
2003-06-23	0.0
2003-06-24	0.0
2003-06-25	0.0
2003-06-26	0.1
2003-06-27	0.0
2003-06-28	0.0
2003-06-29	0.0
2003-06-30	0.0
2003-07-01	25.200000000000003
2003-07-02	0.0
2003-07-03	7.7
2003-07-04	7.3999999999999995
2003-07-05	0.0
2003-07-06	0.0
2003-07-07	0.0
2003-07-08	0.0
2003-07-09	0.0
2003-07-10	0.4
2003-07-11	0.0
2003-07-12	0.0
2003-07-13	0.0
2003-07-14	0.0
2003-07-15	0.0
2003-07-16	5.4
2003-07-17	18.699999999999996
2003-07-18	0.0
2003-07-19	0.0
2003-07-20	0.1
2003-07-21	5.6
2003-07-22	6.4
2003-07-23	4.5
2003-07-24	10.899999999999999
2003-07-25	0.0
2003-07-26	0.0
2003-07-27	9.5
2003-07-28	2.3
2003-07-29	0.0
2003-07-30	0.0
2003-07-31	5.9
2003-08-01	0.0
2003-08-02	0.0
2003-08-03	0.0
2003-08-04	0.0
2003-08-05	0.0
2003-08-06	0.0
2003-08-07	0.0
2003-08-08	0.0
2003-08-09	0.0
2003-08-10	0.0
2003-08-11	0.0
2003-08-12	0.0
2003-08-13	0.0
2003-08-14	0.4
2003-08-15	3.4
2003-08-16	0.0
2003-08-17	0.1
2003-08-18	9.600000000000001
2003-08-19	0.0
2003-08-20	0.0
2003-08-21	0.0
2003-08-22	0.0
2003-08-23	0.0
2003-08-24	0.0
2003-08-25	0.0
2003-08-26	0.0
2003-08-27	0.0
2003-08-28	0.8
2003-08-29	11.8
2003-08-30	16.7
2003-08-31	30.5
2003-09-01	0.5
2003-09-02	0.0
2003-09-03	0.0
2003-09-04	0.0
2003-09-05	0.0
2003-09-06	0.0
2003-09-07	1.8
2003-09-08	4.5
2003-09-09	0.2
2003-09-10	1.7
2003-09-11	20.0
2003-09-12	0.0
2003-09-13	0.5
2003-09-14	0.0
2003-09-15	0.0
2003-09-16	0.0
2003-09-17	0.0
2003-09-18	0.0
2003-09-19	0.0
2003-09-20	0.0
2003-09-21	0.0
2003-09-22	0.0
2003-09-23	15.4
2003-09-24	0.1
2003-09-25	0.0
2003-09-26	0.0
2003-09-27	0.0
2003-09-28	9.2
2003-09-29	4.2
2003-09-30	0.0
2003-10-01	1.9
2003-10-02	0.0
2003-10-03	11.7
2003-10-04	29.5
2003-10-05	31.8
2003-10-06	6.7
2003-10-07	41.3
2003-10-08	3.1999999999999997
2003-10-09	17.5
2003-10-10	0.0
2003-10-11	0.0
2003-10-12	0.0
2003-10-13	0.0
2003-10-14	0.1
2003-10-15	0.0
2003-10-16	0.0
2003-10-17	0.0
2003-10-18	0.0
2003-10-19	0.0
2003-10-20	4.3
2003-10-21	14.0
2003-10-22	0.0
2003-10-23	13.6
2003-10-24	3.3
2003-10-25	0.0
2003-10-26	0.0
2003-10-27	0.0
2003-10-28	0.0
2003-10-29	8.100000000000001
2003-10-30	0.8
2003-10-31	0.1
2003-11-01	15.3
2003-11-02	2.5
2003-11-03	4.0
2003-11-04	0.0
2003-11-05	0.0
2003-11-06	0.0
2003-11-07	0.0
2003-11-08	0.0
2003-11-09	0.0
2003-11-10	0.0
2003-11-11	0.0
2003-11-12	0.0
2003-11-13	33.0
2003-11-14	0.2
2003-11-15	0.8999999999999999
2003-11-16	0.4
2003-11-17	13.100000000000001
2003-11-18	0.8999999999999999
2003-11-19	0.0
2003-11-20	0.0
2003-11-21	0.0
2003-11-22	0.0
2003-11-23	0.0
2003-11-24	0.0
2003-11-25	0.0
2003-11-26	0.0
2003-11-27	5.4
2003-11-28	14.3
2003-11-29	2.1
2003-11-30	0.0
2003-12-01	0.0
2003-12-02	0.0
2003-12-03	0.0
2003-12-04	0.0
2003-12-05	0.0
2003-12-06	1.4000000000000001
2003-12-07	0.0
2003-12-08	0.0
2003-12-09	0.0
2003-12-10	0.0
2003-12-11	0.0
2003-12-12	2.0
2003-12-13	0.0
2003-12-14	26.499999999999996
2003-12-15	3.1000000000000005
2003-12-16	0.1
2003-12-17	0.0
2003-12-18	0.0
2003-12-19	0.0
2003-12-20	1.3
2003-12-21	15.4
2003-12-22	7.1
2003-12-23	0.0
2003-12-24	0.0
2003-12-25	0.0
2003-12-26	0.0
2003-12-27	0.0
2003-12-28	4.9
2003-12-29	1.9000000000000001
2003-12-30	0.1
2003-12-31	6.0
2004-01-01	2.4
2004-01-02	2.4000000000000004
2004-01-03	0.0
2004-01-04	0.2
2004-01-05	0.4
2004-01-06	0.4
2004-01-07	0.9
2004-01-08	9.8
2004-01-09	18.099999999999998
2004-01-10	8.5
2004-01-11	8.600000000000001
2004-01-12	30.400000000000002
2004-01-13	49.7
2004-01-14	6.6
2004-01-15	4.3
2004-01-16	7.5
2004-01-17	21.4
2004-01-18	9.100000000000001
2004-01-19	1.6
2004-01-20	17.4
2004-01-21	1.1
2004-01-22	0.0
2004-01-23	0.0
2004-01-24	3.9
2004-01-25	1.7
2004-01-26	2.9000000000000004
2004-01-27	4.5
2004-01-28	2.5
2004-01-29	2.5
2004-01-30	0.1
2004-01-31	0.0
2004-02-01	0.0
2004-02-02	0.0
2004-02-03	0.0
2004-02-04	0.0
2004-02-05	0.0
2004-02-06	0.0
2004-02-07	6.199999999999999
2004-02-08	5.1
2004-02-09	2.3000000000000003
2004-02-10	0.0
2004-02-11	4.9
2004-02-12	0.0
2004-02-13	0.0
2004-02-14	0.0
2004-02-15	0.0
2004-02-16	0.0
2004-02-17	0.0
2004-02-18	0.6
2004-02-19	0.0
2004-02-20	0.0
2004-02-21	0.0
2004-02-22	1.8000000000000003
2004-02-23	14.200000000000001
2004-02-24	0.1
2004-02-25	0.0
2004-02-26	1.1
2004-02-27	0.0
2004-02-28	0.0
2004-02-29	0.0
2004-03-01	0.0
2004-03-02	0.0
2004-03-03	0.0
2004-03-04	0.0
2004-03-05	1.0
2004-03-06	4.1
2004-03-07	2.2
2004-03-08	8.600000000000001
2004-03-09	0.2
2004-03-10	1.6
2004-03-11	3.4000000000000004
2004-03-12	0.0
2004-03-13	0.0
2004-03-14	0.9
2004-03-15	0.0
2004-03-16	0.0
2004-03-17	0.0
2004-03-18	0.0
2004-03-19	0.0
2004-03-20	3.1999999999999997
2004-03-21	5.6
2004-03-22	10.399999999999999
2004-03-23	17.1
2004-03-24	34.1
2004-03-25	11.0
2004-03-26	0.7000000000000001
2004-03-27	0.0
2004-03-28	0.0
2004-03-29	0.0
2004-03-30	0.0
2004-03-31	0.0
2004-04-01	0.0
2004-04-02	0.0
2004-04-03	0.2
2004-04-04	0.4
2004-04-05	10.200000000000001
2004-04-06	23.1
2004-04-07	11.700000000000001
2004-04-08	0.5
2004-04-09	0.2
2004-04-10	13.200000000000001
2004-04-11	1.8999999999999997
2004-04-12	0.0
2004-04-13	0.0
2004-04-14	0.0
2004-04-15	0.0
2004-04-16	0.0
2004-04-17	0.0
2004-04-18	7.4
2004-04-19	6.6000000000000005
2004-04-20	0.0
2004-04-21	0.0
2004-04-22	0.0
2004-04-23	1.3
2004-04-24	1.0
2004-04-25	0.0
2004-04-26	0.0
2004-04-27	0.0
2004-04-28	0.0
2004-04-29	0.0
2004-04-30	0.0
2004-05-01	0.0
2004-05-02	0.8999999999999999
2004-05-03	0.0
2004-05-04	2.7
2004-05-05	17.7
2004-05-06	20.1
2004-05-07	9.7
2004-05-08	6.7
2004-05-09	47.0
2004-05-10	0.0
2004-05-11	0.0
2004-05-12	3.8
2004-05-13	1.2
2004-05-14	0.0
2004-05-15	0.0
2004-05-16	0.0
2004-05-17	0.0
2004-05-18	0.0
2004-05-19	0.0
2004-05-20	0.0
2004-05-21	25.1
2004-05-22	15.100000000000001
2004-05-23	0.0
2004-05-24	0.0
2004-05-25	0.0
2004-05-26	0.0
2004-05-27	7.6000000000000005
2004-05-28	4.6
2004-05-29	0.0
2004-05-30	0.0
2004-05-31	16.6
2004-06-01	11.2
2004-06-02	22.0
2004-06-03	39.2
2004-06-04	5.3
2004-06-05	4.8999999999999995
2004-06-06	0.0
2004-06-07	0.0
2004-06-08	0.0
2004-06-09	0.0
2004-06-10	0.0
2004-06-11	9.9
2004-06-12	2.8
2004-06-13	3.5
2004-06-14	0.0
2004-06-15	0.0
2004-06-16	3.0
2004-06-17	0.0
2004-06-18	0.3
2004-06-19	5.799999999999999
2004-06-20	0.7
2004-06-21	0.0
2004-06-22	0.6000000000000001
2004-06-23	4.4
2004-06-24	0.1
2004-06-25	3.0
2004-06-26	0.0
2004-06-27	2.0
2004-06-28	0.4
2004-06-29	0.0
2004-06-30	0.0
2004-07-01	0.9
2004-07-02	6.199999999999999
2004-07-03	0.0
2004-07-04	0.0
2004-07-05	6.2
2004-07-06	8.6
2004-07-07	0.1
2004-07-08	10.4
2004-07-09	3.5
2004-07-10	3.6000000000000005
2004-07-11	5.3
2004-07-12	6.2
2004-07-13	5.7
2004-07-14	0.0
2004-07-15	0.0
2004-07-16	0.0
2004-07-17	3.2
2004-07-18	0.9
2004-07-19	0.6
2004-07-20	0.2
2004-07-21	1.2000000000000002
2004-07-22	6.699999999999999
2004-07-23	8.900000000000002
2004-07-24	17.1
2004-07-25	0.0
2004-07-26	1.2
2004-07-27	0.0
2004-07-28	0.0
2004-07-29	0.0
2004-07-30	0.0
2004-07-31	0.0
2004-08-01	0.0
2004-08-02	0.0
2004-08-03	0.0
2004-08-04	0.1
2004-08-05	17.799999999999997
2004-08-06	5.1
2004-08-07	17.4
2004-08-08	0.0
2004-08-09	0.0
2004-08-10	0.0
2004-08-11	1.6
2004-08-12	18.699999999999996
2004-08-13	2.2
2004-08-14	4.7
2004-08-15	0.0
2004-08-16	1.0
2004-08-17	0.7
2004-08-18	0.1
2004-08-19	7.9
2004-08-20	10.399999999999999
2004-08-21	7.9
2004-08-22	0.8
2004-08-23	0.0
2004-08-24	10.9
2004-08-25	5.2
2004-08-26	5.7
2004-08-27	0.0
2004-08-28	0.0
2004-08-29	16.0
2004-08-30	0.2
2004-08-31	0.0
2004-09-01	0.0
2004-09-02	0.0
2004-09-03	1.8
2004-09-04	0.2
2004-09-05	0.0
2004-09-06	0.0
2004-09-07	0.0
2004-09-08	0.0
2004-09-09	0.0
2004-09-10	0.0
2004-09-11	0.30000000000000004
2004-09-12	17.5
2004-09-13	0.0
2004-09-14	2.7
2004-09-15	10.7
2004-09-16	0.6
2004-09-17	0.0
2004-09-18	0.0
2004-09-19	0.1
2004-09-20	0.0
2004-09-21	0.0
2004-09-22	0.7
2004-09-23	23.0
2004-09-24	30.200000000000003
2004-09-25	16.299999999999997
2004-09-26	6.6
2004-09-27	0.0
2004-09-28	0.0
2004-09-29	0.1
2004-09-30	0.8
2004-10-01	0.1
2004-10-02	0.0
2004-10-03	0.0
2004-10-04	0.0
2004-10-05	0.0
2004-10-06	0.7
2004-10-07	0.2
2004-10-08	21.5
2004-10-09	15.9
2004-10-10	29.1
2004-10-11	0.6000000000000001
2004-10-12	0.1
2004-10-13	0.0
2004-10-14	0.6000000000000001
2004-10-15	12.6
2004-10-16	4.8
2004-10-17	5.8
2004-10-18	0.7999999999999999
2004-10-19	14.0
2004-10-20	0.30000000000000004
2004-10-21	18.0
2004-10-22	0.0
2004-10-23	0.0
2004-10-24	0.0
2004-10-25	0.0
2004-10-26	17.7
2004-10-27	1.6
2004-10-28	0.4
2004-10-29	0.0
2004-10-30	0.0
2004-10-31	0.0
2004-11-01	0.4
2004-11-02	0.0
2004-11-03	0.0
2004-11-04	0.1
2004-11-05	7.1
2004-11-06	0.0
2004-11-07	6.7
2004-11-08	0.0
2004-11-09	0.0
2004-11-10	0.8
2004-11-11	0.0
2004-11-12	0.0
2004-11-13	4.4
2004-11-14	0.8999999999999999
2004-11-15	0.0
2004-11-16	0.0
2004-11-17	0.0
2004-11-18	0.0
2004-11-19	12.8
2004-11-20	0.6
2004-11-21	0.0
2004-11-22	4.0
2004-11-23	2.8
2004-11-24	1.0
2004-11-25	0.0
2004-11-26	0.8
2004-11-27	0.8
2004-11-28	0.0
2004-11-29	0.0
2004-11-30	0.0
2004-12-01	0.0
2004-12-02	0.2
2004-12-03	0.0
2004-12-04	0.0
2004-12-05	0.0
2004-12-06	0.0
2004-12-07	0.0
2004-12-08	0.0
2004-12-09	0.0
2004-12-10	0.0
2004-12-11	0.0
2004-12-12	0.0
2004-12-13	0.0
2004-12-14	0.0
2004-12-15	0.0
2004-12-16	0.0
2004-12-17	15.100000000000001
2004-12-18	1.4999999999999998
2004-12-19	40.8
2004-12-20	0.0
2004-12-21	0.0
2004-12-22	0.0
2004-12-23	0.3
2004-12-24	0.0
2004-12-25	2.3
2004-12-26	9.0
2004-12-27	3.7
2004-12-28	3.8000000000000003
2004-12-29	2.5
2004-12-30	0.0
2004-12-31	0.0
2005-01-01	0.8
2005-01-02	10.0
2005-01-03	1.8
2005-01-04	0.0
2005-01-05	0.0
2005-01-06	13.600000000000001
2005-01-07	0.0
2005-01-08	0.0
2005-01-09	0.0
2005-01-10	0.0
2005-01-11	0.0
2005-01-12	2.9000000000000004
2005-01-13	1.9
2005-01-14	0.0
2005-01-15	0.0
2005-01-16	0.0
2005-01-17	0.0
2005-01-18	7.0
2005-01-19	1.2
2005-01-20	12.6
2005-01-21	22.1
2005-01-22	0.4
2005-01-23	0.2
2005-01-24	7.300000000000001
2005-01-25	4.800000000000001
2005-01-26	0.0
2005-01-27	0.0
2005-01-28	0.0
2005-01-29	0.0
2005-01-30	0.0
2005-01-31	0.0
2005-02-01	0.4
2005-02-02	2.8
2005-02-03	0.6
2005-02-04	0.0
2005-02-05	0.0
2005-02-06	0.0
2005-02-07	0.0
2005-02-08	0.0
2005-02-09	0.0
2005-02-10	0.7
2005-02-11	6.1
2005-02-12	26.0
2005-02-13	3.8
2005-02-14	2.1
2005-02-15	7.3
2005-02-16	8.8
2005-02-17	0.5
2005-02-18	0.2
2005-02-19	0.9
2005-02-20	1.2999999999999998
2005-02-21	4.9
2005-02-22	3.5999999999999996
2005-02-23	0.2
2005-02-24	0.0
2005-02-25	0.0
2005-02-26	0.0
2005-02-27	5.5
2005-02-28	0.0
2005-03-01	0.0
2005-03-02	0.0
2005-03-03	0.0
2005-03-04	0.0
2005-03-05	2.5
2005-03-06	4.7
2005-03-07	0.0
2005-03-08	1.2
2005-03-09	2.9000000000000004
2005-03-10	0.30000000000000004
2005-03-11	0.0
2005-03-12	0.5
2005-03-13	0.4
2005-03-14	0.0
2005-03-15	0.0
2005-03-16	0.0
2005-03-17	0.0
2005-03-18	0.0
2005-03-19	0.0
2005-03-20	0.1
2005-03-21	0.0
2005-03-22	0.5
2005-03-23	0.4
2005-03-24	4.0
2005-03-25	6.6000000000000005
2005-03-26	0.1
2005-03-27	2.7
2005-03-28	0.0
2005-03-29	0.8
2005-03-30	11.0
2005-03-31	0.7999999999999999
2005-04-01	0.1
2005-04-02	0.0
2005-04-03	0.0
2005-04-04	0.0
2005-04-05	0.0
2005-04-06	0.0
2005-04-07	8.100000000000001
2005-04-08	16.799999999999997
2005-04-09	27.0
2005-04-10	0.1
2005-04-11	0.0
2005-04-12	0.0
2005-04-13	0.0
2005-04-14	0.0
2005-04-15	9.5
2005-04-16	10.5
2005-04-17	12.6
2005-04-18	15.199999999999998
2005-04-19	13.4
2005-04-20	19.3
2005-04-21	1.4000000000000001
2005-04-22	0.0
2005-04-23	7.3999999999999995
2005-04-24	4.0
2005-04-25	8.9
2005-04-26	0.0
2005-04-27	11.7
2005-04-28	0.0
2005-04-29	0.0
2005-04-30	0.0
2005-05-01	0.0
2005-05-02	0.0
2005-05-03	22.5
2005-05-04	4.1
2005-05-05	9.0
2005-05-06	9.1
2005-05-07	22.6
2005-05-08	2.3
2005-05-09	4.4
2005-05-10	6.1
2005-05-11	0.1
2005-05-12	0.0
2005-05-13	0.0
2005-05-14	1.7
2005-05-15	1.0
2005-05-16	11.1
2005-05-17	0.0
2005-05-18	1.4000000000000001
2005-05-19	0.0
2005-05-20	0.0
2005-05-21	7.699999999999999
2005-05-22	17.099999999999998
2005-05-23	15.299999999999999
2005-05-24	0.0
2005-05-25	0.0
2005-05-26	0.0
2005-05-27	0.0
2005-05-28	0.0
2005-05-29	0.0
2005-05-30	8.0
2005-05-31	0.2
2005-06-01	0.0
2005-06-02	0.0
2005-06-03	22.900000000000002
2005-06-04	18.4
2005-06-05	0.0
2005-06-06	5.800000000000001
2005-06-07	7.7
2005-06-08	0.0
2005-06-09	0.0
2005-06-10	0.0
2005-06-11	0.0
2005-06-12	0.9
2005-06-13	15.899999999999999
2005-06-14	2.0
2005-06-15	2.4000000000000004
2005-06-16	0.0
2005-06-17	0.0
2005-06-18	0.0
2005-06-19	0.0
2005-06-20	0.0
2005-06-21	0.0
2005-06-22	0.0
2005-06-23	0.0
2005-06-24	6.4
2005-06-25	1.1
2005-06-26	0.0
2005-06-27	0.0
2005-06-28	0.0
2005-06-29	3.6
2005-06-30	9.899999999999999
2005-07-01	12.2
2005-07-02	0.0
2005-07-03	0.0
2005-07-04	13.0
2005-07-05	13.499999999999998
2005-07-06	10.5
2005-07-07	7.9
2005-07-08	6.3999999999999995
2005-07-09	0.0
2005-07-10	8.8
2005-07-11	15.4
2005-07-12	0.2
2005-07-13	0.0
2005-07-14	0.0
2005-07-15	0.0
2005-07-16	0.5
2005-07-17	0.0
2005-07-18	4.0
2005-07-19	31.2
2005-07-20	0.0
2005-07-21	8.5
2005-07-22	0.0
2005-07-23	0.0
2005-07-24	4.300000000000001
2005-07-25	10.600000000000001
2005-07-26	0.2
2005-07-27	0.0
2005-07-28	0.0
2005-07-29	8.5
2005-07-30	0.30000000000000004
2005-07-31	0.3
2005-08-01	2.8000000000000003
2005-08-02	36.0
2005-08-03	15.3
2005-08-04	0.6
2005-08-05	0.6
2005-08-06	8.4
2005-08-07	25.6
2005-08-08	0.1
2005-08-09	0.0
2005-08-10	0.0
2005-08-11	0.0
2005-08-12	4.2
2005-08-13	4.7
2005-08-14	18.8
2005-08-15	8.0
2005-08-16	2.5
2005-08-17	0.0
2005-08-18	0.1
2005-08-19	4.5
2005-08-20	14.700000000000001
2005-08-21	34.3
2005-08-22	61.8
2005-08-23	0.8
2005-08-24	2.6999999999999997
2005-08-25	2.8
2005-08-26	0.1
2005-08-27	0.0
2005-08-28	1.1
2005-08-29	0.0
2005-08-30	0.0
2005-08-31	0.0
2005-09-01	0.0
2005-09-02	0.0
2005-09-03	0.0
2005-09-04	0.0
2005-09-05	0.0
2005-09-06	0.0
2005-09-07	0.0
2005-09-08	0.0
2005-09-09	15.900000000000002
2005-09-10	0.2
2005-09-11	4.2
2005-09-12	0.0
2005-09-13	0.0
2005-09-14	0.0
2005-09-15	0.0
2005-09-16	7.0
2005-09-17	15.9
2005-09-18	0.0
2005-09-19	0.0
2005-09-20	0.0
2005-09-21	0.0
2005-09-22	0.0
2005-09-23	0.0
2005-09-24	0.0
2005-09-25	0.0
2005-09-26	0.0
2005-09-27	0.0
2005-09-28	1.4000000000000001
2005-09-29	14.100000000000001
2005-09-30	0.5
2005-10-01	12.1
2005-10-02	21.9
2005-10-03	19.0
2005-10-04	3.1
2005-10-05	0.0
2005-10-06	0.0
2005-10-07	0.0
2005-10-08	0.0
2005-10-09	0.0
2005-10-10	0.0
2005-10-11	0.1
2005-10-12	0.0
2005-10-13	0.0
2005-10-14	0.0
2005-10-15	0.1
2005-10-16	0.1
2005-10-17	0.2
2005-10-18	0.0
2005-10-19	0.2
2005-10-20	0.0
2005-10-21	0.0
2005-10-22	0.0
2005-10-23	15.0
2005-10-24	0.0
2005-10-25	0.0
2005-10-26	0.0
2005-10-27	0.0
2005-10-28	0.0
2005-10-29	0.0
2005-10-30	0.0
2005-10-31	0.0
2005-11-01	0.0
2005-11-02	0.0
2005-11-03	0.6
2005-11-04	0.2
2005-11-05	10.399999999999999
2005-11-06	0.0
2005-11-07	0.0
2005-11-08	0.0
2005-11-09	0.0
2005-11-10	0.0
2005-11-11	0.0
2005-11-12	0.0
2005-11-13	0.0
2005-11-14	0.0
2005-11-15	0.0
2005-11-16	5.300000000000001
2005-11-17	0.9
2005-11-18	0.0
2005-11-19	0.1
2005-11-20	0.0
2005-11-21	3.7
2005-11-22	0.0
2005-11-23	0.1
2005-11-24	0.0
2005-11-25	5.199999999999999
2005-11-26	0.0
2005-11-27	0.2
2005-11-28	1.4
2005-11-29	0.0
2005-11-30	0.0
2005-12-01	0.0
2005-12-02	0.0
2005-12-03	0.6
2005-12-04	2.7
2005-12-05	8.600000000000001
2005-12-06	0.7
2005-12-07	1.0
2005-12-08	1.3
2005-12-09	4.1
2005-12-10	0.0
2005-12-11	0.0
2005-12-12	0.0
2005-12-13	0.0
2005-12-14	0.0
2005-12-15	0.0
2005-12-16	23.3
2005-12-17	3.5000000000000004
2005-12-18	0.5
2005-12-19	2.0
2005-12-20	0.0
2005-12-21	0.0
2005-12-22	0.0
2005-12-23	0.9
2005-12-24	0.0
2005-12-25	0.1
2005-12-26	1.1
2005-12-27	0.4
2005-12-28	0.8
2005-12-29	0.5
2005-12-30	4.7
2005-12-31	28.299999999999997
2006-01-01	8.3
2006-01-02	1.8000000000000003
2006-01-03	1.5
2006-01-04	0.1
2006-01-05	0.0
2006-01-06	0.0
2006-01-07	0.0
2006-01-08	0.0
2006-01-09	0.0
2006-01-10	0.0
2006-01-11	0.0
2006-01-12	0.0
2006-01-13	0.0
2006-01-14	0.0
2006-01-15	0.0
2006-01-16	0.2
2006-01-17	19.3
2006-01-18	22.0
2006-01-19	0.2
2006-01-20	0.0
2006-01-21	4.7
2006-01-22	0.7
2006-01-23	0.0
2006-01-24	0.0
2006-01-25	0.0
2006-01-26	0.30000000000000004
2006-01-27	0.0
2006-01-28	0.0
2006-01-29	0.0
2006-01-30	0.0
2006-01-31	0.0
2006-02-01	0.0
2006-02-02	0.0
2006-02-03	0.0
2006-02-04	0.0
2006-02-05	0.0
2006-02-06	0.0
2006-02-07	0.0
2006-02-08	5.0
2006-02-09	2.1
2006-02-10	0.4
2006-02-11	1.4
2006-02-12	0.0
2006-02-13	0.0
2006-02-14	0.0
2006-02-15	9.6
2006-02-16	40.8
2006-02-17	11.700000000000001
2006-02-18	5.3999999999999995
2006-02-19	0.0
2006-02-20	0.0
2006-02-21	0.0
2006-02-22	0.0
2006-02-23	0.1
2006-02-24	0.0
2006-02-25	2.3
2006-02-26	7.199999999999999
2006-02-27	0.1
2006-02-28	0.30000000000000004
2006-03-01	1.6
2006-03-02	2.9
2006-03-03	4.699999999999999
2006-03-04	24.0
2006-03-05	7.199999999999999
2006-03-06	3.9000000000000004
2006-03-07	0.6000000000000001
2006-03-08	20.6
2006-03-09	35.699999999999996
2006-03-10	10.0
2006-03-11	5.0
2006-03-12	1.4
2006-03-13	0.0
2006-03-14	0.0
2006-03-15	0.0
2006-03-16	0.0
2006-03-17	0.0
2006-03-18	0.0
2006-03-19	0.0
2006-03-20	0.0
2006-03-21	0.6
2006-03-22	0.4
2006-03-23	8.700000000000001
2006-03-24	0.3
2006-03-25	3.5
2006-03-26	1.6
2006-03-27	1.9
2006-03-28	22.9
2006-03-29	0.9
2006-03-30	11.400000000000002
2006-03-31	9.8
2006-04-01	1.9000000000000001
2006-04-02	1.5999999999999999
2006-04-03	6.2
2006-04-04	0.0
2006-04-05	36.5
2006-04-06	0.4
2006-04-07	0.0
2006-04-08	0.0
2006-04-09	25.4
2006-04-10	18.700000000000003
2006-04-11	14.2
2006-04-12	2.4000000000000004
2006-04-13	8.700000000000001
2006-04-14	0.1
2006-04-15	6.2
2006-04-16	14.3
2006-04-17	0.2
2006-04-18	0.1
2006-04-19	0.0
2006-04-20	0.0
2006-04-21	0.0
2006-04-22	9.200000000000001
2006-04-23	2.3
2006-04-24	0.0
2006-04-25	0.0
2006-04-26	6.699999999999999
2006-04-27	7.9
2006-04-28	27.5
2006-04-29	7.699999999999999
2006-04-30	0.0
2006-05-01	0.0
2006-05-02	0.0
2006-05-03	0.0
2006-05-04	0.0
2006-05-05	7.9
2006-05-06	0.0
2006-05-07	0.0
2006-05-08	1.2000000000000002
2006-05-09	17.4
2006-05-10	4.5
2006-05-11	0.0
2006-05-12	1.8000000000000003
2006-05-13	22.5
2006-05-14	5.0
2006-05-15	0.0
2006-05-16	7.6
2006-05-17	0.0
2006-05-18	25.1
2006-05-19	0.5
2006-05-20	2.6
2006-05-21	4.7
2006-05-22	2.7
2006-05-23	3.9000000000000004
2006-05-24	0.4
2006-05-25	0.0
2006-05-26	0.0
2006-05-27	5.300000000000001
2006-05-28	13.7
2006-05-29	23.8
2006-05-30	20.5
2006-05-31	9.6
2006-06-01	11.6
2006-06-02	1.7999999999999998
2006-06-03	0.1
2006-06-04	3.4000000000000004
2006-06-05	0.2
2006-06-06	1.7
2006-06-07	0.0
2006-06-08	0.0
2006-06-09	0.0
2006-06-10	0.0
2006-06-11	0.0
2006-06-12	0.0
2006-06-13	0.0
2006-06-14	0.0
2006-06-15	0.0
2006-06-16	0.0
2006-06-17	0.1
2006-06-18	6.3999999999999995
2006-06-19	0.0
2006-06-20	0.0
2006-06-21	0.0
2006-06-22	0.0
2006-06-23	0.0
2006-06-24	0.0
2006-06-25	0.0
2006-06-26	0.0
2006-06-27	0.0
2006-06-28	0.0
2006-06-29	0.0
2006-06-30	0.0
2006-07-01	0.0
2006-07-02	0.0
2006-07-03	0.0
2006-07-04	0.0
2006-07-05	11.299999999999999
2006-07-06	0.1
2006-07-07	46.3
2006-07-08	0.0
2006-07-09	0.0
2006-07-10	0.0
2006-07-11	0.0
2006-07-12	0.0
2006-07-13	0.0
2006-07-14	0.0
2006-07-15	0.0
2006-07-16	0.0
2006-07-17	0.0
2006-07-18	0.0
2006-07-19	0.0
2006-07-20	0.0
2006-07-21	0.0
2006-07-22	0.5
2006-07-23	0.0
2006-07-24	0.0
2006-07-25	0.0
2006-07-26	0.0
2006-07-27	0.0
2006-07-28	13.2
2006-07-29	2.0
2006-07-30	3.0999999999999996
2006-07-31	11.6
2006-08-01	14.3
2006-08-02	1.8
2006-08-03	17.9
2006-08-04	4.800000000000001
2006-08-05	6.8
2006-08-06	13.9
2006-08-07	3.1999999999999997
2006-08-08	14.999999999999998
2006-08-09	14.500000000000002
2006-08-10	5.0
2006-08-11	20.4
2006-08-12	3.2
2006-08-13	21.0
2006-08-14	4.8
2006-08-15	0.0
2006-08-16	3.1
2006-08-17	0.0
2006-08-18	2.2
2006-08-19	7.7
2006-08-20	15.399999999999999
2006-08-21	0.0
2006-08-22	6.199999999999999
2006-08-23	0.0
2006-08-24	2.7
2006-08-25	0.0
2006-08-26	10.9
2006-08-27	29.7
2006-08-28	29.2
2006-08-29	23.9
2006-08-30	12.7
2006-08-31	0.0
2006-09-01	0.0
2006-09-02	0.0
2006-09-03	0.4
2006-09-04	0.0
2006-09-05	0.0
2006-09-06	0.0
2006-09-07	4.1
2006-09-08	1.7
2006-09-09	0.0
2006-09-10	0.0
2006-09-11	0.0
2006-09-12	0.0
2006-09-13	0.0
2006-09-14	0.0
2006-09-15	4.4
2006-09-16	14.1
2006-09-17	81.30000000000001
2006-09-18	10.1
2006-09-19	0.30000000000000004
2006-09-20	0.0
2006-09-21	0.0
2006-09-22	0.0
2006-09-23	0.0
2006-09-24	0.0
2006-09-25	17.799999999999997
2006-09-26	10.0
2006-09-27	1.3000000000000003
2006-09-28	0.0
2006-09-29	0.0
2006-09-30	4.4
2006-10-01	42.900000000000006
2006-10-02	3.5
2006-10-03	11.2
2006-10-04	0.5
2006-10-05	2.2
2006-10-06	0.0
2006-10-07	10.2
2006-10-08	0.0
2006-10-09	0.0
2006-10-10	0.0
2006-10-11	0.0
2006-10-12	0.0
2006-10-13	0.0
2006-10-14	0.30000000000000004
2006-10-15	0.0
2006-10-16	0.0
2006-10-17	0.0
2006-10-18	0.0
2006-10-19	0.0
2006-10-20	0.0
2006-10-21	0.0
2006-10-22	0.0
2006-10-23	0.0
2006-10-24	6.6
2006-10-25	0.0
2006-10-26	0.0
2006-10-27	0.0
2006-10-28	0.0
2006-10-29	12.8
2006-10-30	0.0
2006-10-31	0.0
2006-11-01	2.2
2006-11-02	0.0
2006-11-03	0.0
2006-11-04	0.0
2006-11-05	0.0
2006-11-06	0.0
2006-11-07	0.0
2006-11-08	0.0
2006-11-09	1.2999999999999998
2006-11-10	0.0
2006-11-11	9.3
2006-11-12	7.000000000000001
2006-11-13	0.4
2006-11-14	5.5
2006-11-15	0.0
2006-11-16	0.0
2006-11-17	0.0
2006-11-18	0.0
2006-11-19	8.7
2006-11-20	0.5
2006-11-21	23.299999999999997
2006-11-22	2.6
2006-11-23	0.4
2006-11-24	1.0
2006-11-25	0.0
2006-11-26	0.0
2006-11-27	0.0
2006-11-28	0.0
2006-11-29	1.9000000000000001
2006-11-30	0.0
2006-12-01	0.0
2006-12-02	0.0
2006-12-03	0.3
2006-12-04	23.7
2006-12-05	1.7
2006-12-06	10.0
2006-12-07	0.1
2006-12-08	5.699999999999999
2006-12-09	24.700000000000003
2006-12-10	1.3
2006-12-11	0.0
2006-12-12	0.1
2006-12-13	0.0
2006-12-14	0.0
2006-12-15	0.0
2006-12-16	5.1
2006-12-17	5.1
2006-12-18	0.1
2006-12-19	0.0
2006-12-20	0.0
2006-12-21	0.0
2006-12-22	0.0
2006-12-23	0.0
2006-12-24	0.0
2006-12-25	0.0
2006-12-26	0.0
2006-12-27	0.0
2006-12-28	0.0
2006-12-29	0.0
2006-12-30	0.0
2006-12-31	1.8
2007-01-01	29.8
2007-01-02	19.200000000000003
2007-01-03	0.5
2007-01-04	5.4
2007-01-05	3.5
2007-01-06	0.0
2007-01-07	13.700000000000001
2007-01-08	0.1
2007-01-09	5.5
2007-01-10	0.1
2007-01-11	0.4
2007-01-12	6.7
2007-01-13	0.0
2007-01-14	0.0
2007-01-15	0.0
2007-01-16	0.0
2007-01-17	0.0
2007-01-18	3.8
2007-01-19	3.0
2007-01-20	0.0
2007-01-21	12.7
2007-01-22	1.2
2007-01-23	2.3
2007-01-24	4.4
2007-01-25	0.4
2007-01-26	0.1
2007-01-27	0.1
2007-01-28	0.0
2007-01-29	0.0
2007-01-30	0.0
2007-01-31	0.0
2007-02-01	0.0
2007-02-02	0.0
2007-02-03	0.4
2007-02-04	0.0
2007-02-05	0.0
2007-02-06	15.4
2007-02-07	3.1
2007-02-08	12.8
2007-02-09	0.6
2007-02-10	5.5
2007-02-11	8.7
2007-02-12	14.0
2007-02-13	7.0
2007-02-14	9.0
2007-02-15	14.7
2007-02-16	0.0
2007-02-17	0.0
2007-02-18	0.0
2007-02-19	0.0
2007-02-20	0.0
2007-02-21	0.0
2007-02-22	0.0
2007-02-23	0.0
2007-02-24	2.5999999999999996
2007-02-25	8.3
2007-02-26	16.7
2007-02-27	4.5
2007-02-28	8.3
2007-03-01	18.0
2007-03-02	25.200000000000003
2007-03-03	20.1
2007-03-04	0.0
2007-03-05	1.3
2007-03-06	0.0
2007-03-07	11.7
2007-03-08	1.2000000000000002
2007-03-09	0.6000000000000001
2007-03-10	9.9
2007-03-11	0.0
2007-03-12	0.0
2007-03-13	0.0
2007-03-14	0.0
2007-03-15	0.0
2007-03-16	0.0
2007-03-17	0.0
2007-03-18	15.399999999999999
2007-03-19	15.8
2007-03-20	17.299999999999997
2007-03-21	3.5
2007-03-22	1.4
2007-03-23	10.700000000000001
2007-03-24	2.0
2007-03-25	0.0
2007-03-26	0.0
2007-03-27	0.0
2007-03-28	0.0
2007-03-29	0.1
2007-03-30	0.0
2007-03-31	1.3
2007-04-01	0.0
2007-04-02	0.0
2007-04-03	9.6
2007-04-04	7.1
2007-04-05	0.0
2007-04-06	0.0
2007-04-07	0.0
2007-04-08	0.0
2007-04-09	0.0
2007-04-10	0.0
2007-04-11	0.0
2007-04-12	0.0
2007-04-13	0.0
2007-04-14	0.0
2007-04-15	0.0
2007-04-16	0.0
2007-04-17	0.0
2007-04-18	0.0
2007-04-19	0.0
2007-04-20	0.0
2007-04-21	0.0
2007-04-22	0.0
2007-04-23	0.0
2007-04-24	0.0
2007-04-25	0.0
2007-04-26	0.0
2007-04-27	0.9
2007-04-28	0.0
2007-04-29	0.0
2007-04-30	0.0
2007-05-01	0.0
2007-05-02	2.4
2007-05-03	3.0
2007-05-04	10.9
2007-05-05	43.3
2007-05-06	1.7
2007-05-07	0.4
2007-05-08	15.499999999999998
2007-05-09	10.299999999999999
2007-05-10	0.0
2007-05-11	0.0
2007-05-12	2.0
2007-05-13	0.0
2007-05-14	13.1
2007-05-15	8.9
2007-05-16	13.5
2007-05-17	33.099999999999994
2007-05-18	0.0
2007-05-19	0.0
2007-05-20	0.0
2007-05-21	0.0
2007-05-22	0.0
2007-05-23	0.0
2007-05-24	0.2
2007-05-25	0.9
2007-05-26	0.0
2007-05-27	9.8
2007-05-28	23.5
2007-05-29	48.4
2007-05-30	0.0
2007-05-31	0.3
2007-06-01	16.0
2007-06-02	2.6000000000000005
2007-06-03	0.0
2007-06-04	0.0
2007-06-05	0.0
2007-06-06	0.0
2007-06-07	36.1
2007-06-08	0.0
2007-06-09	16.3
2007-06-10	0.2
2007-06-11	0.7
2007-06-12	0.0
2007-06-13	0.5
2007-06-14	0.0
2007-06-15	23.200000000000003
2007-06-16	1.2000000000000002
2007-06-17	0.0
2007-06-18	6.6000000000000005
2007-06-19	7.1
2007-06-20	6.8
2007-06-21	8.7
2007-06-22	9.4
2007-06-23	0.0
2007-06-24	0.30000000000000004
2007-06-25	15.4
2007-06-26	3.6
2007-06-27	9.6
2007-06-28	0.0
2007-06-29	0.0
2007-06-30	0.0
2007-07-01	7.300000000000001
2007-07-02	16.8
2007-07-03	19.0
2007-07-04	14.100000000000001
2007-07-05	5.2
2007-07-06	0.8
2007-07-07	0.5
2007-07-08	2.5
2007-07-09	29.5
2007-07-10	13.2
2007-07-11	11.1
2007-07-12	0.6000000000000001
2007-07-13	0.0
2007-07-14	0.0
2007-07-15	0.0
2007-07-16	0.0
2007-07-17	0.0
2007-07-18	9.2
2007-07-19	0.7
2007-07-20	1.3
2007-07-21	17.900000000000002
2007-07-22	8.5
2007-07-23	22.799999999999997
2007-07-24	3.2
2007-07-25	0.0
2007-07-26	0.0
2007-07-27	0.3
2007-07-28	0.0
2007-07-29	11.4
2007-07-30	20.4
2007-07-31	0.0
2007-08-01	0.0
2007-08-02	11.1
2007-08-03	20.6
2007-08-04	0.0
2007-08-05	0.0
2007-08-06	0.0
2007-08-07	27.799999999999997
2007-08-08	70.9
2007-08-09	13.600000000000001
2007-08-10	0.0
2007-08-11	9.1
2007-08-12	0.1
2007-08-13	6.0
2007-08-14	0.0
2007-08-15	0.0
2007-08-16	0.9
2007-08-17	1.8
2007-08-18	0.0
2007-08-19	4.9
2007-08-20	13.2
2007-08-21	2.3
2007-08-22	0.0
2007-08-23	0.4
2007-08-24	0.0
2007-08-25	0.0
2007-08-26	0.0
2007-08-27	0.0
2007-08-28	8.5
2007-08-29	41.7
2007-08-30	12.700000000000001
2007-08-31	0.0
2007-09-01	0.1
2007-09-02	0.0
2007-09-03	23.0
2007-09-04	11.9
2007-09-05	1.9
2007-09-06	0.7
2007-09-07	0.0
2007-09-08	0.0
2007-09-09	0.0
2007-09-10	0.0
2007-09-11	5.4
2007-09-12	0.0
2007-09-13	0.0
2007-09-14	4.199999999999999
2007-09-15	0.0
2007-09-16	0.0
2007-09-17	4.5
2007-09-18	47.2
2007-09-19	0.0
2007-09-20	0.0
2007-09-21	0.0
2007-09-22	0.0
2007-09-23	0.0
2007-09-24	2.0
2007-09-25	9.8
2007-09-26	12.3
2007-09-27	3.6000000000000005
2007-09-28	3.5999999999999996
2007-09-29	2.2
2007-09-30	2.0
2007-10-01	0.0
2007-10-02	0.0
2007-10-03	0.0
2007-10-04	3.9
2007-10-05	0.7
2007-10-06	0.0
2007-10-07	0.0
2007-10-08	0.0
2007-10-09	0.0
2007-10-10	0.0
2007-10-11	0.0
2007-10-12	0.0
2007-10-13	0.0
2007-10-14	0.0
2007-10-15	0.0
2007-10-16	0.0
2007-10-17	1.9
2007-10-18	7.2
2007-10-19	0.7
2007-10-20	2.4
2007-10-21	1.0
2007-10-22	0.8
2007-10-23	0.0
2007-10-24	0.0
2007-10-25	0.0
2007-10-26	0.0
2007-10-27	0.0
2007-10-28	0.0
2007-10-29	0.0
2007-10-30	11.1
2007-10-31	0.2
2007-11-01	0.0
2007-11-02	0.0
2007-11-03	0.0
2007-11-04	1.3000000000000003
2007-11-05	0.0
2007-11-06	6.7
2007-11-07	3.9
2007-11-08	0.4
2007-11-09	4.5
2007-11-10	9.6
2007-11-11	22.0
2007-11-12	8.799999999999999
2007-11-13	2.8
2007-11-14	21.1
2007-11-15	9.8
2007-11-16	0.0
2007-11-17	0.0
2007-11-18	0.0
2007-11-19	0.0
2007-11-20	0.0
2007-11-21	0.0
2007-11-22	0.0
2007-11-23	1.0
2007-11-24	5.800000000000001
2007-11-25	1.7
2007-11-26	0.0
2007-11-27	0.0
2007-11-28	0.0
2007-11-29	0.0
2007-11-30	0.7
2007-12-01	2.3
2007-12-02	9.9
2007-12-03	21.299999999999997
2007-12-04	5.800000000000001
2007-12-05	1.6
2007-12-06	14.6
2007-12-07	23.700000000000003
2007-12-08	8.4
2007-12-09	16.1
2007-12-10	32.8
2007-12-11	13.099999999999998
2007-12-12	6.9
2007-12-13	0.4
2007-12-14	0.0
2007-12-15	0.0
2007-12-16	0.0
2007-12-17	0.0
2007-12-18	0.0
2007-12-19	0.0
2007-12-20	0.0
2007-12-21	0.0
2007-12-22	0.0
2007-12-23	0.0
2007-12-24	0.0
2007-12-25	0.0
2007-12-26	0.1
2007-12-27	0.0
2007-12-28	0.0
2007-12-29	0.0
2007-12-30	4.9
2007-12-31	0.0
